CODIGO|PROCESO|FECHAINICIO|FECHAFIN|DURACIONMIN|SERVIDOR|ESTADO|FREC_EJECUCION|BASE_DATOS
303|MOVILIDAD PROGRAMADA|22/04/2026 05:00:00 PM|22/04/2026 05:01:17 PM|1,28|BDBOG001|TERMINADO|DIARIO|FAMISANA
547|JOB_EXT_PLANO_UDEA_RUN|22/04/2026 05:00:00 PM|22/04/2026 05:00:28 PM|0,47|TPBOG001|TERMINADO|DIARIO|MDE
722|CARGUE PROCESO SAT|22/04/2026 05:00:00 PM|22/04/2026 05:00:04 PM|0,07|TPBOG001|TERMINADO|POR SOLICITUD|FAMISANA
223|ACTUALIZA ESTADOS DE FACTURAS PAGADAS O CANCELADAS|22/04/2026 05:00:01 PM|22/04/2026 05:00:01 PM|0|APBOG004|TERMINADO|DIARIO|APPNEPS
705|REP_GIRO_DIRECTO_030|22/04/2026 05:00:03 PM|22/04/2026 05:00:09 PM|0,1|TPBOG001|TERMINADO|SEMANAL|FAMISANA
622|RPT_GARANTIA_CALIDAD|22/04/2026 05:00:04 PM|22/04/2026 05:00:19 PM|0,25|TPBOG001|TERMINADO|SEMANAL|FAMISANA
663|AUTORIZACIONES_EVT|22/04/2026 05:00:04 PM|22/04/2026 05:00:16 PM|0,2|TPBOG001|TERMINADO|DIARIO|FAMISANA
623|RPT_GARANTIA_CALIDAD_NIT|22/04/2026 05:00:04 PM|22/04/2026 09:07:22 PM|247,3|TPBOG001|TERMINADO|SEMANAL|FAMISANA
621|RPT_GARANTIA_GLOSAS|22/04/2026 05:00:04 PM|22/04/2026 05:15:38 PM|15,57|TPBOG001|TERMINADO|SEMANAL|FAMISANA
669|GEN_RIPS_PERIODICOS|22/04/2026 05:00:04 PM|22/04/2026 07:55:40 PM|175,6|TPBOG001|TERMINADO|SEMANAL|BI
495|GENERACION_REPORTE_GENERAL_TUTELAS|22/04/2026 05:00:04 PM|22/04/2026 05:00:08 PM|0,07|TPBOG001|TERMINADO|DIARIO|APPNEPS
618|REP_CIERRE_ANTICIPOS|22/04/2026 05:00:04 PM|22/04/2026 05:02:40 PM|2,6|TPBOG001|TERMINADO|DIARIO|FAMISANA
517|REPORTE_BITACORA_TRASLADOS|22/04/2026 05:00:04 PM|22/04/2026 05:00:13 PM|0,15|TPBOG001|TERMINADO|DIARIO|FAMISANA
271|DESCARGUE MAPISSSUPC|22/04/2026 05:00:22 PM|22/04/2026 05:00:23 PM|0,02|APBOG004|TERMINADO|DIARIO|APPNEPS
55|TAREA_4_CARGUESUPC|22/04/2026 05:00:22 PM|22/04/2026 05:00:23 PM|0,02|APBOG004|TERMINADO|DIARIO|N/A
270|CARGA MAPIISSUPC|22/04/2026 05:00:22 PM|22/04/2026 05:00:23 PM|0,02|APBOG004|TERMINADO|DIARIO|APPNEPS
220|GENERA FACTURAS PAC|22/04/2026 05:00:22 PM|22/04/2026 05:00:22 PM|0|APBOG004|TERMINADO|DIARIO|APPNEPS
222|PASO DE FACTURAS POR INTERFAZ A APOTEOSYS|22/04/2026 05:00:22 PM|22/04/2026 05:00:22 PM|0|APBOG004|TERMINADO|DIARIO|APPNEPS
720|720_CONSULTACUENTAS|22/04/2026 05:02:53 PM|22/04/2026 05:02:55 PM|0,03|TPBOG002|TERMINADO|DIARIO|MDE
720|720_CONSULTACUENTAS|22/04/2026 05:07:53 PM|22/04/2026 05:07:55 PM|0,03|TPBOG002|TERMINADO|DIARIO|MDE
223|ACTUALIZA ESTADOS DE FACTURAS PAGADAS O CANCELADAS|22/04/2026 05:10:01 PM|22/04/2026 05:10:01 PM|0|APBOG004|TERMINADO|DIARIO|APPNEPS
220|GENERA FACTURAS PAC|22/04/2026 05:10:01 PM|22/04/2026 05:10:01 PM|0|APBOG004|TERMINADO|DIARIO|APPNEPS
496|GENERACION_REPORTE_SERVICIOS|22/04/2026 05:10:01 PM|22/04/2026 05:10:03 PM|0,03|TPBOG001|TERMINADO|DIARIO|APPNEPS
720|720_CONSULTACUENTAS|22/04/2026 05:12:53 PM|22/04/2026 05:12:55 PM|0,03|TPBOG002|TERMINADO|DIARIO|MDE
530|REPORTE GENERAL TUTELAS|22/04/2026 05:15:15 PM|22/04/2026 05:38:01 PM|22,77|TPBOG001|TERMINADO|DIARIO|APPNEPS
720|720_CONSULTACUENTAS|22/04/2026 05:17:53 PM|22/04/2026 05:17:55 PM|0,03|TPBOG002|TERMINADO|DIARIO|MDE
223|ACTUALIZA ESTADOS DE FACTURAS PAGADAS O CANCELADAS|22/04/2026 05:20:01 PM|22/04/2026 05:20:01 PM|0|APBOG004|TERMINADO|DIARIO|APPNEPS
220|GENERA FACTURAS PAC|22/04/2026 05:20:01 PM|22/04/2026 05:20:02 PM|0,02|APBOG004|TERMINADO|DIARIO|APPNEPS
720|720_CONSULTACUENTAS|22/04/2026 05:22:53 PM|22/04/2026 05:22:55 PM|0,03|TPBOG002|TERMINADO|DIARIO|MDE
720|720_CONSULTACUENTAS|22/04/2026 05:27:53 PM|22/04/2026 05:27:55 PM|0,03|TPBOG002|TERMINADO|DIARIO|MDE
724|CARGUE NOVEDADES SAT|22/04/2026 05:30:00 PM|22/04/2026 05:30:03 PM|0,05|TPBOG001|TERMINADO|DIARIO|FAMISANA
547|JOB_EXT_PLANO_UDEA_RUN|22/04/2026 05:30:00 PM|22/04/2026 05:30:08 PM|0,13|TPBOG001|TERMINADO|DIARIO|MDE
303|MOVILIDAD PROGRAMADA|22/04/2026 05:30:00 PM|22/04/2026 05:33:22 PM|3,37|BDBOG001|TERMINADO|DIARIO|FAMISANA
270|CARGA MAPIISSUPC|22/04/2026 05:30:01 PM|22/04/2026 05:30:02 PM|0,02|APBOG004|TERMINADO|DIARIO|APPNEPS
55|TAREA_4_CARGUESUPC|22/04/2026 05:30:01 PM|22/04/2026 05:30:03 PM|0,03|APBOG004|TERMINADO|DIARIO|N/A
222|PASO DE FACTURAS POR INTERFAZ A APOTEOSYS|22/04/2026 05:30:01 PM|22/04/2026 05:30:02 PM|0,02|APBOG004|TERMINADO|DIARIO|APPNEPS
220|GENERA FACTURAS PAC|22/04/2026 05:30:01 PM|22/04/2026 05:30:01 PM|0|APBOG004|TERMINADO|DIARIO|APPNEPS
223|ACTUALIZA ESTADOS DE FACTURAS PAGADAS O CANCELADAS|22/04/2026 05:30:01 PM|22/04/2026 05:30:02 PM|0,02|APBOG004|TERMINADO|DIARIO|APPNEPS
271|DESCARGUE MAPISSSUPC|22/04/2026 05:30:01 PM|22/04/2026 05:30:03 PM|0,03|APBOG004|TERMINADO|DIARIO|APPNEPS
562|ACTUALIZACION ENTIDADES DIRECCIONAMIENTO|22/04/2026 05:30:02 PM|22/04/2026 05:30:10 PM|0,13|TPBOG001|TERMINADO|DIARIO|APPNEPS
720|720_CONSULTACUENTAS|22/04/2026 05:32:53 PM|22/04/2026 05:32:55 PM|0,03|TPBOG002|TERMINADO|DIARIO|MDE
720|720_CONSULTACUENTAS|22/04/2026 05:37:54 PM|22/04/2026 05:37:55 PM|0,02|TPBOG002|TERMINADO|DIARIO|MDE
223|ACTUALIZA ESTADOS DE FACTURAS PAGADAS O CANCELADAS|22/04/2026 05:40:01 PM|22/04/2026 05:40:01 PM|0|APBOG004|TERMINADO|DIARIO|APPNEPS
220|GENERA FACTURAS PAC|22/04/2026 05:40:01 PM|22/04/2026 05:40:02 PM|0,02|APBOG004|TERMINADO|DIARIO|APPNEPS
720|720_CONSULTACUENTAS|22/04/2026 05:42:53 PM|22/04/2026 05:42:55 PM|0,03|TPBOG002|TERMINADO|DIARIO|MDE
720|720_CONSULTACUENTAS|22/04/2026 05:47:53 PM|22/04/2026 05:47:55 PM|0,03|TPBOG002|TERMINADO|DIARIO|MDE
223|ACTUALIZA ESTADOS DE FACTURAS PAGADAS O CANCELADAS|22/04/2026 05:50:01 PM|22/04/2026 05:50:02 PM|0,02|APBOG004|TERMINADO|DIARIO|APPNEPS
220|GENERA FACTURAS PAC|22/04/2026 05:50:01 PM|22/04/2026 05:50:02 PM|0,02|APBOG004|TERMINADO|DIARIO|APPNEPS
720|720_CONSULTACUENTAS|22/04/2026 05:52:53 PM|22/04/2026 05:52:55 PM|0,03|TPBOG002|TERMINADO|DIARIO|MDE
720|720_CONSULTACUENTAS|22/04/2026 05:57:54 PM|22/04/2026 05:57:55 PM|0,02|TPBOG002|TERMINADO|DIARIO|MDE
354|MOVILIDAD DNP|22/04/2026 06:00:00 PM|22/04/2026 06:00:04 PM|0,07|TPBOG001|TERMINADO|DIARIO|FAMISANA
547|JOB_EXT_PLANO_UDEA_RUN|22/04/2026 06:00:00 PM|22/04/2026 06:00:04 PM|0,07|TPBOG001|TERMINADO|DIARIO|MDE
147|ARCHIVOS PARA COLSUBSIDIO|22/04/2026 06:00:00 PM|22/04/2026 06:01:44 PM|1,73|BDBOG001|TERMINADO|DIARIO|FAMISANA
134|GESTION|22/04/2026 06:00:00 PM|22/04/2026 06:01:05 PM|1,08|BDBOG001|TERMINADO|DIARIO|FAMISANA
142|VERIFICADOR DE NOVEDADES|22/04/2026 06:00:00 PM|22/04/2026 07:03:38 PM|63,63|BDBOG001|TERMINADO|DIARIO|FAMISANA
303|MOVILIDAD PROGRAMADA|22/04/2026 06:00:00 PM|22/04/2026 06:01:23 PM|1,38|BDBOG001|TERMINADO|DIARIO|FAMISANA
223|ACTUALIZA ESTADOS DE FACTURAS PAGADAS O CANCELADAS|22/04/2026 06:00:01 PM|22/04/2026 06:00:01 PM|0|APBOG004|TERMINADO|DIARIO|APPNEPS
220|GENERA FACTURAS PAC|22/04/2026 06:00:01 PM|22/04/2026 06:00:01 PM|0|APBOG004|TERMINADO|DIARIO|APPNEPS
270|CARGA MAPIISSUPC|22/04/2026 06:00:01 PM|22/04/2026 06:00:02 PM|0,02|APBOG004|TERMINADO|DIARIO|APPNEPS
55|TAREA_4_CARGUESUPC|22/04/2026 06:00:01 PM|22/04/2026 06:00:03 PM|0,03|APBOG004|TERMINADO|DIARIO|N/A
222|PASO DE FACTURAS POR INTERFAZ A APOTEOSYS|22/04/2026 06:00:01 PM|22/04/2026 06:00:02 PM|0,02|APBOG004|TERMINADO|DIARIO|APPNEPS
271|DESCARGUE MAPISSSUPC|22/04/2026 06:00:01 PM|22/04/2026 06:00:03 PM|0,03|APBOG004|TERMINADO|DIARIO|APPNEPS
629|RPTE_DIARIO_MALLA_LICENCIAS|22/04/2026 06:00:02 PM|22/04/2026 07:54:26 PM|114,4|TPBOG001|TERMINADO|DIARIO|FAMISANA
688|REP_FACT_PROCESA_REEMBOLSO|22/04/2026 06:00:02 PM|22/04/2026 06:00:08 PM|0,1|TPBOG001|TERMINADO|DIARIO|FAMISANA
582|REP_REGIONALES_DIRECC|22/04/2026 06:00:02 PM|22/04/2026 06:36:02 PM|36|TPBOG001|TERMINADO|DIARIO|FAMISANA
482|ACTUALIZACION_REGISTRADA_ENVIADA|22/04/2026 06:00:02 PM|22/04/2026 06:01:42 PM|1,67|TPBOG001|TERMINADO|DIARIO|PR_BATCH
599|REPORTE REP_DATOS_DISPENSACION|22/04/2026 06:00:03 PM|22/04/2026 06:00:11 PM|0,13|TPBOG001|TERMINADO|DIARIO|BI
373|ACT ESTADO GRIC|22/04/2026 06:00:03 PM|22/04/2026 06:00:07 PM|0,07|FSBOG001|TERMINADO|DIARIO|FAMISANA
695|CARGUE_TABLAS_INFORMACION|22/04/2026 06:00:04 PM|22/04/2026 06:00:05 PM|0,02|TPBOG001|TERMINADO|DIARIO|PR_BATCH
720|720_CONSULTACUENTAS|22/04/2026 06:02:53 PM|22/04/2026 06:02:55 PM|0,03|TPBOG002|TERMINADO|DIARIO|MDE
720|720_CONSULTACUENTAS|22/04/2026 06:07:53 PM|22/04/2026 06:07:55 PM|0,03|TPBOG002|TERMINADO|DIARIO|MDE
357|MOVILIDAD RETIROS|22/04/2026 06:10:01 PM|22/04/2026 06:10:31 PM|0,5|FSBOG001|TERMINADO|DIARIO|FAMISANA
220|GENERA FACTURAS PAC|22/04/2026 06:10:01 PM|22/04/2026 06:10:02 PM|0,02|APBOG004|TERMINADO|DIARIO|APPNEPS
223|ACTUALIZA ESTADOS DE FACTURAS PAGADAS O CANCELADAS|22/04/2026 06:10:01 PM|22/04/2026 06:10:02 PM|0,02|APBOG004|TERMINADO|DIARIO|APPNEPS
720|720_CONSULTACUENTAS|22/04/2026 06:12:53 PM|22/04/2026 06:12:55 PM|0,03|TPBOG002|TERMINADO|DIARIO|MDE
720|720_CONSULTACUENTAS|22/04/2026 06:17:53 PM|22/04/2026 06:17:55 PM|0,03|TPBOG002|TERMINADO|DIARIO|MDE
223|ACTUALIZA ESTADOS DE FACTURAS PAGADAS O CANCELADAS|22/04/2026 06:20:01 PM|22/04/2026 06:20:02 PM|0,02|APBOG004|TERMINADO|DIARIO|APPNEPS
220|GENERA FACTURAS PAC|22/04/2026 06:20:03 PM|22/04/2026 06:20:03 PM|0|APBOG004|TERMINADO|DIARIO|APPNEPS
720|720_CONSULTACUENTAS|22/04/2026 06:22:54 PM|22/04/2026 06:22:55 PM|0,02|TPBOG002|TERMINADO|DIARIO|MDE
720|720_CONSULTACUENTAS|22/04/2026 06:27:54 PM|22/04/2026 06:27:55 PM|0,02|TPBOG002|TERMINADO|DIARIO|MDE
355|MOVILIDAD EPSS37|22/04/2026 06:30:00 PM|22/04/2026 06:30:06 PM|0,1|TPBOG001|TERMINADO|DIARIO|FAMISANA
547|JOB_EXT_PLANO_UDEA_RUN|22/04/2026 06:30:00 PM|22/04/2026 06:30:04 PM|0,07|TPBOG001|TERMINADO|DIARIO|MDE
303|MOVILIDAD PROGRAMADA|22/04/2026 06:30:01 PM|22/04/2026 06:31:07 PM|1,1|BDBOG001|TERMINADO|DIARIO|FAMISANA
223|ACTUALIZA ESTADOS DE FACTURAS PAGADAS O CANCELADAS|22/04/2026 06:30:01 PM|22/04/2026 06:30:02 PM|0,02|APBOG004|TERMINADO|DIARIO|APPNEPS
220|GENERA FACTURAS PAC|22/04/2026 06:30:01 PM|22/04/2026 06:30:02 PM|0,02|APBOG004|TERMINADO|DIARIO|APPNEPS
270|CARGA MAPIISSUPC|22/04/2026 06:30:01 PM|22/04/2026 06:30:03 PM|0,03|APBOG004|TERMINADO|DIARIO|APPNEPS
222|PASO DE FACTURAS POR INTERFAZ A APOTEOSYS|22/04/2026 06:30:01 PM|22/04/2026 06:30:02 PM|0,02|APBOG004|TERMINADO|DIARIO|APPNEPS
441|ACTUALIZA_TIPO_ANEXO_TUTELA|22/04/2026 06:30:01 PM|22/04/2026 06:30:05 PM|0,07|TPBOG001|TERMINADO|DIARIO|FAMISANA
271|DESCARGUE MAPISSSUPC|22/04/2026 06:30:01 PM|22/04/2026 06:30:03 PM|0,03|APBOG004|TERMINADO|DIARIO|APPNEPS
55|TAREA_4_CARGUESUPC|22/04/2026 06:30:02 PM|22/04/2026 06:30:03 PM|0,02|APBOG004|TERMINADO|DIARIO|N/A
445|REPORTE_INFORME_DIARIO_AUT|22/04/2026 06:30:50 PM|22/04/2026 06:39:18 PM|8,47|TPBOG001|TERMINADO|DIARIO|FAMISANA
720|720_CONSULTACUENTAS|22/04/2026 06:32:53 PM|22/04/2026 06:32:55 PM|0,03|TPBOG002|TERMINADO|DIARIO|MDE
720|720_CONSULTACUENTAS|22/04/2026 06:37:54 PM|22/04/2026 06:37:55 PM|0,02|TPBOG002|TERMINADO|DIARIO|MDE
223|ACTUALIZA ESTADOS DE FACTURAS PAGADAS O CANCELADAS|22/04/2026 06:40:01 PM|22/04/2026 06:40:02 PM|0,02|APBOG004|TERMINADO|DIARIO|APPNEPS
220|GENERA FACTURAS PAC|22/04/2026 06:40:03 PM|22/04/2026 06:40:03 PM|0|APBOG004|TERMINADO|DIARIO|APPNEPS
720|720_CONSULTACUENTAS|22/04/2026 06:42:53 PM|22/04/2026 06:42:55 PM|0,03|TPBOG002|TERMINADO|DIARIO|MDE
356|MOVILIDAD EPSS41|22/04/2026 06:45:00 PM|22/04/2026 06:45:44 PM|0,73|FSBOG001|TERMINADO|DIARIO|FAMISANA
720|720_CONSULTACUENTAS|22/04/2026 06:47:54 PM|22/04/2026 06:47:55 PM|0,02|TPBOG002|TERMINADO|DIARIO|MDE
220|GENERA FACTURAS PAC|22/04/2026 06:50:01 PM|22/04/2026 06:50:02 PM|0,02|APBOG004|TERMINADO|DIARIO|APPNEPS
223|ACTUALIZA ESTADOS DE FACTURAS PAGADAS O CANCELADAS|22/04/2026 06:50:01 PM|22/04/2026 06:50:02 PM|0,02|APBOG004|TERMINADO|DIARIO|APPNEPS
720|720_CONSULTACUENTAS|22/04/2026 06:52:53 PM|22/04/2026 06:52:55 PM|0,03|TPBOG002|TERMINADO|DIARIO|MDE
720|720_CONSULTACUENTAS|22/04/2026 06:57:54 PM|22/04/2026 06:57:55 PM|0,02|TPBOG002|TERMINADO|DIARIO|MDE
303|MOVILIDAD PROGRAMADA|22/04/2026 07:00:00 PM|22/04/2026 07:02:02 PM|2,03|BDBOG001|TERMINADO|DIARIO|FAMISANA
577|REP_CAMBIO_IPS_DIARIO|22/04/2026 07:00:00 PM|22/04/2026 07:00:02 PM|0,03|TPBOG001|TERMINADO|DIARIO|FAMISANA
722|CARGUE PROCESO SAT|22/04/2026 07:00:00 PM|22/04/2026 07:02:13 PM|2,22|TPBOG001|TERMINADO|POR SOLICITUD|FAMISANA
152|AFINOCOMP|22/04/2026 07:00:00 PM|23/04/2026 12:32:13 AM|332,22|BDBOG001|TERMINADO|DIARIO|FAMISANA
159|INTERFAZ MASIVA CONTABLE|22/04/2026 07:00:00 PM|22/04/2026 09:34:38 PM|154,63|BDBOG001|TERMINADO|DIARIO|FAMISANA
547|JOB_EXT_PLANO_UDEA_RUN|22/04/2026 07:00:00 PM|22/04/2026 07:00:02 PM|0,03|TPBOG001|TERMINADO|DIARIO|MDE
262|CARGA DIGITACION RAPIDA|22/04/2026 07:00:00 PM|22/04/2026 07:02:04 PM|2,07|FSBOG001|TERMINADO|DIARIO|FAMISANA
222|PASO DE FACTURAS POR INTERFAZ A APOTEOSYS|22/04/2026 07:00:01 PM|22/04/2026 07:00:02 PM|0,02|APBOG004|TERMINADO|DIARIO|APPNEPS
271|DESCARGUE MAPISSSUPC|22/04/2026 07:00:01 PM|22/04/2026 07:00:03 PM|0,03|APBOG004|TERMINADO|DIARIO|APPNEPS
526|TXT_COVID4|22/04/2026 07:00:01 PM|22/04/2026 07:00:04 PM|0,05|TPBOG001|TERMINADO|DIARIO|N/A
270|CARGA MAPIISSUPC|22/04/2026 07:00:01 PM|22/04/2026 07:00:03 PM|0,03|APBOG004|TERMINADO|DIARIO|APPNEPS
220|GENERA FACTURAS PAC|22/04/2026 07:00:01 PM|22/04/2026 07:00:02 PM|0,02|APBOG004|TERMINADO|DIARIO|APPNEPS
223|ACTUALIZA ESTADOS DE FACTURAS PAGADAS O CANCELADAS|22/04/2026 07:00:01 PM|22/04/2026 07:00:01 PM|0|APBOG004|TERMINADO|DIARIO|APPNEPS
55|TAREA_4_CARGUESUPC|22/04/2026 07:00:02 PM|22/04/2026 07:00:03 PM|0,02|APBOG004|TERMINADO|DIARIO|N/A
8|AFILIADOSPARAPYP|22/04/2026 07:00:04 PM|22/04/2026 08:52:55 PM|112,85|FSBOG001|TERMINADO|DIARIO|FAMISANA
720|720_CONSULTACUENTAS|22/04/2026 07:02:53 PM|22/04/2026 07:02:55 PM|0,03|TPBOG002|TERMINADO|DIARIO|MDE
720|720_CONSULTACUENTAS|22/04/2026 07:07:54 PM|22/04/2026 07:07:55 PM|0,02|TPBOG002|TERMINADO|DIARIO|MDE
223|ACTUALIZA ESTADOS DE FACTURAS PAGADAS O CANCELADAS|22/04/2026 07:10:01 PM|22/04/2026 07:10:02 PM|0,02|APBOG004|TERMINADO|DIARIO|APPNEPS
220|GENERA FACTURAS PAC|22/04/2026 07:10:01 PM|22/04/2026 07:10:02 PM|0,02|APBOG004|TERMINADO|DIARIO|APPNEPS
720|720_CONSULTACUENTAS|22/04/2026 07:12:53 PM|22/04/2026 07:12:55 PM|0,03|TPBOG002|TERMINADO|DIARIO|MDE
720|720_CONSULTACUENTAS|22/04/2026 07:17:53 PM|22/04/2026 07:17:55 PM|0,03|TPBOG002|TERMINADO|DIARIO|MDE
223|ACTUALIZA ESTADOS DE FACTURAS PAGADAS O CANCELADAS|22/04/2026 07:20:10 PM|22/04/2026 07:20:10 PM|0|APBOG004|TERMINADO|DIARIO|APPNEPS
220|GENERA FACTURAS PAC|22/04/2026 07:20:10 PM|22/04/2026 07:20:10 PM|0|APBOG004|TERMINADO|DIARIO|APPNEPS
720|720_CONSULTACUENTAS|22/04/2026 07:22:53 PM|22/04/2026 07:22:55 PM|0,03|TPBOG002|TERMINADO|DIARIO|MDE
720|720_CONSULTACUENTAS|22/04/2026 07:27:54 PM|22/04/2026 07:27:55 PM|0,02|TPBOG002|TERMINADO|DIARIO|MDE
547|JOB_EXT_PLANO_UDEA_RUN|22/04/2026 07:30:00 PM|22/04/2026 07:30:02 PM|0,03|TPBOG001|TERMINADO|DIARIO|MDE
160|RETIROS MASIVOS|22/04/2026 07:30:00 PM|22/04/2026 07:31:04 PM|1,07|BDBOG001|TERMINADO|DIARIO|FAMISANA
724|CARGUE NOVEDADES SAT|22/04/2026 07:30:00 PM|22/04/2026 07:30:36 PM|0,6|TPBOG001|TERMINADO|DIARIO|FAMISANA
304|BACKUP ENTERPRISE ARCHITECT|22/04/2026 07:30:00 PM|22/04/2026 07:30:01 PM|0,02|APBOG006|TERMINADO|DIARIO|EA - MYSQL
303|MOVILIDAD PROGRAMADA|22/04/2026 07:30:00 PM|22/04/2026 07:31:04 PM|1,07|BDBOG001|TERMINADO|DIARIO|FAMISANA
55|TAREA_4_CARGUESUPC|22/04/2026 07:30:01 PM|22/04/2026 07:30:03 PM|0,03|APBOG004|TERMINADO|DIARIO|N/A
270|CARGA MAPIISSUPC|22/04/2026 07:30:01 PM|22/04/2026 07:30:02 PM|0,02|APBOG004|TERMINADO|DIARIO|APPNEPS
220|GENERA FACTURAS PAC|22/04/2026 07:30:01 PM|22/04/2026 07:30:01 PM|0|APBOG004|TERMINADO|DIARIO|APPNEPS
271|DESCARGUE MAPISSSUPC|22/04/2026 07:30:01 PM|22/04/2026 07:30:02 PM|0,02|APBOG004|TERMINADO|DIARIO|APPNEPS
223|ACTUALIZA ESTADOS DE FACTURAS PAGADAS O CANCELADAS|22/04/2026 07:30:01 PM|22/04/2026 07:30:01 PM|0|APBOG004|TERMINADO|DIARIO|APPNEPS
222|PASO DE FACTURAS POR INTERFAZ A APOTEOSYS|22/04/2026 07:30:01 PM|22/04/2026 07:30:01 PM|0|APBOG004|TERMINADO|DIARIO|APPNEPS
720|720_CONSULTACUENTAS|22/04/2026 07:32:53 PM|22/04/2026 07:32:55 PM|0,03|TPBOG002|TERMINADO|DIARIO|MDE
720|720_CONSULTACUENTAS|22/04/2026 07:37:54 PM|22/04/2026 07:37:55 PM|0,02|TPBOG002|TERMINADO|DIARIO|MDE
223|ACTUALIZA ESTADOS DE FACTURAS PAGADAS O CANCELADAS|22/04/2026 07:40:01 PM|22/04/2026 07:40:01 PM|0|APBOG004|TERMINADO|DIARIO|APPNEPS
220|GENERA FACTURAS PAC|22/04/2026 07:40:01 PM|22/04/2026 07:40:01 PM|0|APBOG004|TERMINADO|DIARIO|APPNEPS
720|720_CONSULTACUENTAS|22/04/2026 07:42:54 PM|22/04/2026 07:42:55 PM|0,02|TPBOG002|TERMINADO|DIARIO|MDE
301|AUTORIZACIONES DE MEDICAMENTOS - ETICOS SERRANO|22/04/2026 07:45:01 PM|22/04/2026 07:45:33 PM|0,53|APBOG006|TERMINADO|DIARIO|FAMISANA
720|720_CONSULTACUENTAS|22/04/2026 07:47:54 PM|22/04/2026 07:47:56 PM|0,03|TPBOG002|TERMINADO|DIARIO|MDE
223|ACTUALIZA ESTADOS DE FACTURAS PAGADAS O CANCELADAS|22/04/2026 07:50:00 PM|22/04/2026 07:50:01 PM|0,02|APBOG004|TERMINADO|DIARIO|APPNEPS
220|GENERA FACTURAS PAC|22/04/2026 07:50:01 PM|22/04/2026 07:50:01 PM|0|APBOG004|TERMINADO|DIARIO|APPNEPS
720|720_CONSULTACUENTAS|22/04/2026 07:52:54 PM|22/04/2026 07:52:56 PM|0,03|TPBOG002|TERMINADO|DIARIO|MDE
720|720_CONSULTACUENTAS|22/04/2026 07:57:53 PM|22/04/2026 07:57:56 PM|0,05|TPBOG002|TERMINADO|DIARIO|MDE
303|MOVILIDAD PROGRAMADA|22/04/2026 08:00:00 PM|22/04/2026 08:01:02 PM|1,03|BDBOG001|TERMINADO|DIARIO|FAMISANA
547|JOB_EXT_PLANO_UDEA_RUN|22/04/2026 08:00:00 PM|22/04/2026 08:00:06 PM|0,1|TPBOG001|TERMINADO|DIARIO|MDE
223|ACTUALIZA ESTADOS DE FACTURAS PAGADAS O CANCELADAS|22/04/2026 08:00:00 PM|22/04/2026 08:00:01 PM|0,02|APBOG004|TERMINADO|DIARIO|APPNEPS
354|MOVILIDAD DNP|22/04/2026 08:00:00 PM|22/04/2026 08:00:17 PM|0,28|TPBOG001|TERMINADO|DIARIO|FAMISANA
220|GENERA FACTURAS PAC|22/04/2026 08:00:00 PM|22/04/2026 08:00:01 PM|0,02|APBOG004|TERMINADO|DIARIO|APPNEPS
270|CARGA MAPIISSUPC|22/04/2026 08:00:01 PM|22/04/2026 08:00:02 PM|0,02|APBOG004|TERMINADO|DIARIO|APPNEPS
55|TAREA_4_CARGUESUPC|22/04/2026 08:00:01 PM|22/04/2026 08:00:02 PM|0,02|APBOG004|TERMINADO|DIARIO|N/A
222|PASO DE FACTURAS POR INTERFAZ A APOTEOSYS|22/04/2026 08:00:01 PM|22/04/2026 08:00:01 PM|0|APBOG004|TERMINADO|DIARIO|APPNEPS
271|DESCARGUE MAPISSSUPC|22/04/2026 08:00:01 PM|22/04/2026 08:00:02 PM|0,02|APBOG004|TERMINADO|DIARIO|APPNEPS
690|REP_FACT_ACUERDO_PAGO|22/04/2026 08:00:03 PM|22/04/2026 10:17:15 PM|137,2|TPBOG001|TERMINADO|DIARIO|FAMISANA
587|PREVALIDACION|22/04/2026 08:00:03 PM|22/04/2026 08:33:43 PM|33,67|TPBOG001|TERMINADO|DIARIO|FAMISANA
361|DESCARGUE MIPRES 3951|22/04/2026 08:00:03 PM|22/04/2026 08:00:11 PM|0,13|TPBOG001|TERMINADO|DIARIO|PR_BATCH
436|NUEVO_PLANTA|22/04/2026 08:00:03 PM|22/04/2026 08:00:05 PM|0,03|TPBOG001|TERMINADO|DIARIO|FAMISANA
576|REP_DIRECCIONAMIENTO|22/04/2026 08:00:03 PM|22/04/2026 08:36:17 PM|36,23|TPBOG001|TERMINADO|DIARIO|APPNEPS
88|AFILIADO XIQ|22/04/2026 08:00:04 PM|||TPBOG001|ERROR|DIARIO|FAMISANA
243|AUTORIZACIONES DE MEDICAMENTOS - AUDIFARMA|22/04/2026 08:01:01 PM|22/04/2026 08:01:49 PM|0,8|APBOG006|TERMINADO|DIARIO|FAMISANA
720|720_CONSULTACUENTAS|22/04/2026 08:02:54 PM|22/04/2026 08:02:56 PM|0,03|TPBOG002|TERMINADO|DIARIO|MDE
243|AUTORIZACIONES DE MEDICAMENTOS - AUDIFARMA|22/04/2026 08:06:02 PM|22/04/2026 08:06:28 PM|0,43|APBOG006|TERMINADO|DIARIO|FAMISANA
720|720_CONSULTACUENTAS|22/04/2026 08:07:54 PM|22/04/2026 08:07:55 PM|0,02|TPBOG002|TERMINADO|DIARIO|MDE
223|ACTUALIZA ESTADOS DE FACTURAS PAGADAS O CANCELADAS|22/04/2026 08:10:02 PM|22/04/2026 08:10:02 PM|0|APBOG004|TERMINADO|DIARIO|APPNEPS
220|GENERA FACTURAS PAC|22/04/2026 08:10:02 PM|22/04/2026 08:10:02 PM|0|APBOG004|TERMINADO|DIARIO|APPNEPS
720|720_CONSULTACUENTAS|22/04/2026 08:12:54 PM|22/04/2026 08:12:55 PM|0,02|TPBOG002|TERMINADO|DIARIO|MDE
249|AUTORIZACIONES DE MEDICAMENTOS - CAFAM|22/04/2026 08:15:02 PM|22/04/2026 08:15:09 PM|0,12|TPBOG001|TERMINADO|DIARIO|FAMISANA
244|AUTORIZACIONES DE MEDICAMENTOS - COLSUBSIDIO|22/04/2026 08:15:02 PM|22/04/2026 08:15:38 PM|0,6|TPBOG001|TERMINADO|DIARIO|FAMISANA
720|720_CONSULTACUENTAS|22/04/2026 08:17:54 PM|22/04/2026 08:17:55 PM|0,02|TPBOG002|TERMINADO|DIARIO|MDE
223|ACTUALIZA ESTADOS DE FACTURAS PAGADAS O CANCELADAS|22/04/2026 08:20:01 PM|22/04/2026 08:20:01 PM|0|APBOG004|TERMINADO|DIARIO|APPNEPS
220|GENERA FACTURAS PAC|22/04/2026 08:20:01 PM|22/04/2026 08:20:01 PM|0|APBOG004|TERMINADO|DIARIO|APPNEPS
720|720_CONSULTACUENTAS|22/04/2026 08:22:53 PM|22/04/2026 08:22:55 PM|0,03|TPBOG002|TERMINADO|DIARIO|MDE
720|720_CONSULTACUENTAS|22/04/2026 08:27:54 PM|22/04/2026 08:27:55 PM|0,02|TPBOG002|TERMINADO|DIARIO|MDE
164|VM_NEPS_TOTAL_DOCPEND|22/04/2026 08:30:00 PM|22/04/2026 08:30:01 PM|0,02|BDBOG001|TERMINADO|DIARIO|FAMISANA
355|MOVILIDAD EPSS37|22/04/2026 08:30:00 PM|22/04/2026 08:30:05 PM|0,08|TPBOG001|TERMINADO|DIARIO|FAMISANA
223|ACTUALIZA ESTADOS DE FACTURAS PAGADAS O CANCELADAS|22/04/2026 08:30:00 PM|22/04/2026 08:30:01 PM|0,02|APBOG004|TERMINADO|DIARIO|APPNEPS
547|JOB_EXT_PLANO_UDEA_RUN|22/04/2026 08:30:00 PM|22/04/2026 08:30:04 PM|0,07|TPBOG001|TERMINADO|DIARIO|MDE
303|MOVILIDAD PROGRAMADA|22/04/2026 08:30:00 PM|22/04/2026 08:31:12 PM|1,2|BDBOG001|TERMINADO|DIARIO|FAMISANA
271|DESCARGUE MAPISSSUPC|22/04/2026 08:30:01 PM|22/04/2026 08:30:02 PM|0,02|APBOG004|TERMINADO|DIARIO|APPNEPS
579|REPORTE_CALIDAD|22/04/2026 08:30:01 PM|22/04/2026 10:19:38 PM|109,62|TPBOG001|TERMINADO|DIARIO|FAMISANA, BI
220|GENERA FACTURAS PAC|22/04/2026 08:30:01 PM|22/04/2026 08:30:01 PM|0|APBOG004|TERMINADO|DIARIO|APPNEPS
270|CARGA MAPIISSUPC|22/04/2026 08:30:01 PM|22/04/2026 08:30:02 PM|0,02|APBOG004|TERMINADO|DIARIO|APPNEPS
55|TAREA_4_CARGUESUPC|22/04/2026 08:30:01 PM|22/04/2026 08:30:02 PM|0,02|APBOG004|TERMINADO|DIARIO|N/A
222|PASO DE FACTURAS POR INTERFAZ A APOTEOSYS|22/04/2026 08:30:01 PM|22/04/2026 08:30:01 PM|0|APBOG004|TERMINADO|DIARIO|APPNEPS
249|AUTORIZACIONES DE MEDICAMENTOS - CAFAM|22/04/2026 08:31:01 PM|22/04/2026 08:31:41 PM|0,67|TPBOG001|TERMINADO|DIARIO|FAMISANA
720|720_CONSULTACUENTAS|22/04/2026 08:32:54 PM|22/04/2026 08:32:55 PM|0,02|TPBOG002|TERMINADO|DIARIO|MDE
720|720_CONSULTACUENTAS|22/04/2026 08:37:53 PM|22/04/2026 08:37:55 PM|0,03|TPBOG002|TERMINADO|DIARIO|MDE
220|GENERA FACTURAS PAC|22/04/2026 08:40:01 PM|22/04/2026 08:40:01 PM|0|APBOG004|TERMINADO|DIARIO|APPNEPS
223|ACTUALIZA ESTADOS DE FACTURAS PAGADAS O CANCELADAS|22/04/2026 08:40:01 PM|22/04/2026 08:40:01 PM|0|APBOG004|TERMINADO|DIARIO|APPNEPS
720|720_CONSULTACUENTAS|22/04/2026 08:42:53 PM|22/04/2026 08:42:55 PM|0,03|TPBOG002|TERMINADO|DIARIO|MDE
356|MOVILIDAD EPSS41|22/04/2026 08:45:00 PM|22/04/2026 08:45:07 PM|0,12|FSBOG001|TERMINADO|DIARIO|FAMISANA
720|720_CONSULTACUENTAS|22/04/2026 08:47:53 PM|22/04/2026 08:47:55 PM|0,03|TPBOG002|TERMINADO|DIARIO|MDE
223|ACTUALIZA ESTADOS DE FACTURAS PAGADAS O CANCELADAS|22/04/2026 08:50:01 PM|22/04/2026 08:50:01 PM|0|APBOG004|TERMINADO|DIARIO|APPNEPS
220|GENERA FACTURAS PAC|22/04/2026 08:50:01 PM|22/04/2026 08:50:01 PM|0|APBOG004|TERMINADO|DIARIO|APPNEPS
720|720_CONSULTACUENTAS|22/04/2026 08:52:53 PM|22/04/2026 08:52:55 PM|0,03|TPBOG002|TERMINADO|DIARIO|MDE
720|720_CONSULTACUENTAS|22/04/2026 08:57:53 PM|22/04/2026 08:57:55 PM|0,03|TPBOG002|TERMINADO|DIARIO|MDE
722|CARGUE PROCESO SAT|22/04/2026 09:00:00 PM|22/04/2026 09:00:02 PM|0,03|TPBOG001|TERMINADO|POR SOLICITUD|FAMISANA
547|JOB_EXT_PLANO_UDEA_RUN|22/04/2026 09:00:00 PM|22/04/2026 09:00:02 PM|0,03|TPBOG001|TERMINADO|DIARIO|MDE
303|MOVILIDAD PROGRAMADA|22/04/2026 09:00:00 PM|22/04/2026 09:01:16 PM|1,27|BDBOG001|TERMINADO|DIARIO|FAMISANA
223|ACTUALIZA ESTADOS DE FACTURAS PAGADAS O CANCELADAS|22/04/2026 09:00:00 PM|22/04/2026 09:00:01 PM|0,02|APBOG004|TERMINADO|DIARIO|APPNEPS
220|GENERA FACTURAS PAC|22/04/2026 09:00:01 PM|22/04/2026 09:00:01 PM|0|APBOG004|TERMINADO|DIARIO|APPNEPS
270|CARGA MAPIISSUPC|22/04/2026 09:00:01 PM|22/04/2026 09:00:02 PM|0,02|APBOG004|TERMINADO|DIARIO|APPNEPS
55|TAREA_4_CARGUESUPC|22/04/2026 09:00:01 PM|22/04/2026 09:00:02 PM|0,02|APBOG004|TERMINADO|DIARIO|N/A
222|PASO DE FACTURAS POR INTERFAZ A APOTEOSYS|22/04/2026 09:00:01 PM|22/04/2026 09:00:01 PM|0|APBOG004|TERMINADO|DIARIO|APPNEPS
271|DESCARGUE MAPISSSUPC|22/04/2026 09:00:01 PM|22/04/2026 09:00:02 PM|0,02|APBOG004|TERMINADO|DIARIO|APPNEPS
632|115_PROCESO_INCAPACIDADES|22/04/2026 09:00:02 PM|22/04/2026 11:29:18 PM|149,27|TPBOG001|TERMINADO|DIARIO|FAMISANA
548|SALDOS_DOC|22/04/2026 09:00:02 PM|23/04/2026 07:47:22 AM|647,33|TPBOG001|TERMINADO|DIARIO|CONT
679|REP_CALIDAD_FACTDEV|22/04/2026 09:00:02 PM|22/04/2026 10:38:22 PM|98,33|TPBOG001|TERMINADO|DIARIO|FAMISANA
720|720_CONSULTACUENTAS|22/04/2026 09:02:54 PM|22/04/2026 09:02:55 PM|0,02|TPBOG002|TERMINADO|DIARIO|MDE
720|720_CONSULTACUENTAS|22/04/2026 09:07:54 PM|22/04/2026 09:07:55 PM|0,02|TPBOG002|TERMINADO|DIARIO|MDE
223|ACTUALIZA ESTADOS DE FACTURAS PAGADAS O CANCELADAS|22/04/2026 09:10:00 PM|22/04/2026 09:10:01 PM|0,02|APBOG004|TERMINADO|DIARIO|APPNEPS
220|GENERA FACTURAS PAC|22/04/2026 09:10:01 PM|22/04/2026 09:10:01 PM|0|APBOG004|TERMINADO|DIARIO|APPNEPS
720|720_CONSULTACUENTAS|22/04/2026 09:12:53 PM|22/04/2026 09:12:55 PM|0,03|TPBOG002|TERMINADO|DIARIO|MDE
720|720_CONSULTACUENTAS|22/04/2026 09:17:54 PM|22/04/2026 09:17:55 PM|0,02|TPBOG002|TERMINADO|DIARIO|MDE
220|GENERA FACTURAS PAC|22/04/2026 09:20:01 PM|22/04/2026 09:20:01 PM|0|APBOG004|TERMINADO|DIARIO|APPNEPS
223|ACTUALIZA ESTADOS DE FACTURAS PAGADAS O CANCELADAS|22/04/2026 09:20:01 PM|22/04/2026 09:20:01 PM|0|APBOG004|TERMINADO|DIARIO|APPNEPS
720|720_CONSULTACUENTAS|22/04/2026 09:22:53 PM|22/04/2026 09:22:55 PM|0,03|TPBOG002|TERMINADO|DIARIO|MDE
720|720_CONSULTACUENTAS|22/04/2026 09:27:53 PM|22/04/2026 09:27:55 PM|0,03|TPBOG002|TERMINADO|DIARIO|MDE
163|VM_NEPS_AUTXAFIL_ANEXOS|22/04/2026 09:30:00 PM|22/04/2026 09:30:01 PM|0,02|BDBOG001|TERMINADO|DIARIO|FAMISANA
547|JOB_EXT_PLANO_UDEA_RUN|22/04/2026 09:30:00 PM|22/04/2026 09:30:02 PM|0,03|TPBOG001|TERMINADO|DIARIO|MDE
223|ACTUALIZA ESTADOS DE FACTURAS PAGADAS O CANCELADAS|22/04/2026 09:30:00 PM|22/04/2026 09:30:01 PM|0,02|APBOG004|TERMINADO|DIARIO|APPNEPS
724|CARGUE NOVEDADES SAT|22/04/2026 09:30:00 PM|22/04/2026 09:30:02 PM|0,03|TPBOG001|TERMINADO|DIARIO|FAMISANA
303|MOVILIDAD PROGRAMADA|22/04/2026 09:30:00 PM|22/04/2026 09:31:04 PM|1,07|BDBOG001|TERMINADO|DIARIO|FAMISANA
270|CARGA MAPIISSUPC|22/04/2026 09:30:01 PM|22/04/2026 09:30:02 PM|0,02|APBOG004|TERMINADO|DIARIO|APPNEPS
55|TAREA_4_CARGUESUPC|22/04/2026 09:30:01 PM|22/04/2026 09:30:02 PM|0,02|APBOG004|TERMINADO|DIARIO|N/A
222|PASO DE FACTURAS POR INTERFAZ A APOTEOSYS|22/04/2026 09:30:01 PM|22/04/2026 09:30:01 PM|0|APBOG004|TERMINADO|DIARIO|APPNEPS
271|DESCARGUE MAPISSSUPC|22/04/2026 09:30:01 PM|22/04/2026 09:30:02 PM|0,02|APBOG004|TERMINADO|DIARIO|APPNEPS
220|GENERA FACTURAS PAC|22/04/2026 09:30:01 PM|22/04/2026 09:30:01 PM|0|APBOG004|TERMINADO|DIARIO|APPNEPS
720|720_CONSULTACUENTAS|22/04/2026 09:32:54 PM|22/04/2026 09:32:55 PM|0,02|TPBOG002|TERMINADO|DIARIO|MDE
720|720_CONSULTACUENTAS|22/04/2026 09:37:54 PM|22/04/2026 09:37:55 PM|0,02|TPBOG002|TERMINADO|DIARIO|MDE
223|ACTUALIZA ESTADOS DE FACTURAS PAGADAS O CANCELADAS|22/04/2026 09:40:00 PM|22/04/2026 09:40:01 PM|0,02|APBOG004|TERMINADO|DIARIO|APPNEPS
220|GENERA FACTURAS PAC|22/04/2026 09:40:01 PM|22/04/2026 09:40:01 PM|0|APBOG004|TERMINADO|DIARIO|APPNEPS
720|720_CONSULTACUENTAS|22/04/2026 09:42:53 PM|22/04/2026 09:42:55 PM|0,03|TPBOG002|TERMINADO|DIARIO|MDE
720|720_CONSULTACUENTAS|22/04/2026 09:47:53 PM|22/04/2026 09:47:55 PM|0,03|TPBOG002|TERMINADO|DIARIO|MDE
223|ACTUALIZA ESTADOS DE FACTURAS PAGADAS O CANCELADAS|22/04/2026 09:50:00 PM|22/04/2026 09:50:01 PM|0,02|APBOG004|TERMINADO|DIARIO|APPNEPS
220|GENERA FACTURAS PAC|22/04/2026 09:50:01 PM|22/04/2026 09:50:01 PM|0|APBOG004|TERMINADO|DIARIO|APPNEPS
720|720_CONSULTACUENTAS|22/04/2026 09:52:53 PM|22/04/2026 09:52:55 PM|0,03|TPBOG002|TERMINADO|DIARIO|MDE
720|720_CONSULTACUENTAS|22/04/2026 09:57:53 PM|22/04/2026 09:57:55 PM|0,03|TPBOG002|TERMINADO|DIARIO|MDE
303|MOVILIDAD PROGRAMADA|22/04/2026 10:00:00 PM|22/04/2026 10:01:05 PM|1,08|BDBOG001|TERMINADO|DIARIO|FAMISANA
354|MOVILIDAD DNP|22/04/2026 10:00:00 PM|22/04/2026 10:00:04 PM|0,07|TPBOG001|TERMINADO|DIARIO|FAMISANA
150|INVENTARIO DE DOCUMENTOS|22/04/2026 10:00:00 PM|22/04/2026 10:09:46 PM|9,77|BDBOG001|TERMINADO|DIARIO|FAMISANA
223|ACTUALIZA ESTADOS DE FACTURAS PAGADAS O CANCELADAS|22/04/2026 10:00:00 PM|22/04/2026 10:00:01 PM|0,02|APBOG004|TERMINADO|DIARIO|APPNEPS
547|JOB_EXT_PLANO_UDEA_RUN|22/04/2026 10:00:00 PM|22/04/2026 10:00:05 PM|0,08|TPBOG001|TERMINADO|DIARIO|MDE
158|TRUNCAR TABLAS|22/04/2026 10:00:00 PM|22/04/2026 10:00:02 PM|0,03|BDBOG001|TERMINADO|DIARIO|FAMISANA
142|VERIFICADOR DE NOVEDADES|22/04/2026 10:00:00 PM|22/04/2026 11:01:08 PM|61,13|BDBOG001|TERMINADO|DIARIO|FAMISANA
270|CARGA MAPIISSUPC|22/04/2026 10:00:01 PM|22/04/2026 10:00:02 PM|0,02|APBOG004|TERMINADO|DIARIO|APPNEPS
55|TAREA_4_CARGUESUPC|22/04/2026 10:00:01 PM|22/04/2026 10:00:02 PM|0,02|APBOG004|TERMINADO|DIARIO|N/A
220|GENERA FACTURAS PAC|22/04/2026 10:00:01 PM|22/04/2026 10:00:01 PM|0|APBOG004|TERMINADO|DIARIO|APPNEPS
222|PASO DE FACTURAS POR INTERFAZ A APOTEOSYS|22/04/2026 10:00:01 PM|22/04/2026 10:00:01 PM|0|APBOG004|TERMINADO|DIARIO|APPNEPS
271|DESCARGUE MAPISSSUPC|22/04/2026 10:00:01 PM|22/04/2026 10:00:02 PM|0,02|APBOG004|TERMINADO|DIARIO|APPNEPS
572|REP_DIARIO_TRACTO_SUCESIVO|22/04/2026 10:00:02 PM|22/04/2026 10:05:35 PM|5,55|TPBOG001|TERMINADO|DIARIO|FAMISANA
504|REPORTE_FALLECIDOS|22/04/2026 10:00:02 PM|23/04/2026 02:07:57 AM|247,92|TPBOG001|TERMINADO|DIARIO|FAMISANA
437|NUEVA-PANEL|22/04/2026 10:00:02 PM|22/04/2026 10:00:04 PM|0,03|TPBOG001|TERMINADO|DIARIO|FAMISANA
466|ROL_DISPENSADOR_RUTA_NO_ORDINARIA|22/04/2026 10:00:02 PM|22/04/2026 10:06:58 PM|6,93|TPBOG001|TERMINADO|DIARIO|PR_BATCH
617|CIERRE_RELLAB_COMODIN|22/04/2026 10:00:03 PM|22/04/2026 10:00:19 PM|0,27|TPBOG001|TERMINADO|DIARIO|FAMISANA
720|720_CONSULTACUENTAS|22/04/2026 10:02:53 PM|22/04/2026 10:02:55 PM|0,03|TPBOG002|TERMINADO|DIARIO|MDE
720|720_CONSULTACUENTAS|22/04/2026 10:07:53 PM|22/04/2026 10:07:55 PM|0,03|TPBOG002|TERMINADO|DIARIO|MDE
223|ACTUALIZA ESTADOS DE FACTURAS PAGADAS O CANCELADAS|22/04/2026 10:10:00 PM|22/04/2026 10:10:01 PM|0,02|APBOG004|TERMINADO|DIARIO|APPNEPS
220|GENERA FACTURAS PAC|22/04/2026 10:10:01 PM|22/04/2026 10:10:01 PM|0|APBOG004|TERMINADO|DIARIO|APPNEPS
720|720_CONSULTACUENTAS|22/04/2026 10:12:53 PM|22/04/2026 10:12:55 PM|0,03|TPBOG002|TERMINADO|DIARIO|MDE
720|720_CONSULTACUENTAS|22/04/2026 10:17:54 PM|22/04/2026 10:17:55 PM|0,02|TPBOG002|TERMINADO|DIARIO|MDE
223|ACTUALIZA ESTADOS DE FACTURAS PAGADAS O CANCELADAS|22/04/2026 10:20:01 PM|22/04/2026 10:20:01 PM|0|APBOG004|TERMINADO|DIARIO|APPNEPS
220|GENERA FACTURAS PAC|22/04/2026 10:20:01 PM|22/04/2026 10:20:01 PM|0|APBOG004|TERMINADO|DIARIO|APPNEPS
720|720_CONSULTACUENTAS|22/04/2026 10:22:53 PM|22/04/2026 10:22:55 PM|0,03|TPBOG002|TERMINADO|DIARIO|MDE
720|720_CONSULTACUENTAS|22/04/2026 10:27:53 PM|22/04/2026 10:27:55 PM|0,03|TPBOG002|TERMINADO|DIARIO|MDE
355|MOVILIDAD EPSS37|22/04/2026 10:30:00 PM|22/04/2026 10:30:06 PM|0,1|TPBOG001|TERMINADO|DIARIO|FAMISANA
303|MOVILIDAD PROGRAMADA|22/04/2026 10:30:00 PM|22/04/2026 10:31:08 PM|1,13|BDBOG001|TERMINADO|DIARIO|FAMISANA
547|JOB_EXT_PLANO_UDEA_RUN|22/04/2026 10:30:00 PM|22/04/2026 10:30:03 PM|0,05|TPBOG001|TERMINADO|DIARIO|MDE
223|ACTUALIZA ESTADOS DE FACTURAS PAGADAS O CANCELADAS|22/04/2026 10:30:00 PM|22/04/2026 10:30:01 PM|0,02|APBOG004|TERMINADO|DIARIO|APPNEPS
270|CARGA MAPIISSUPC|22/04/2026 10:30:01 PM|22/04/2026 10:30:02 PM|0,02|APBOG004|TERMINADO|DIARIO|APPNEPS
55|TAREA_4_CARGUESUPC|22/04/2026 10:30:01 PM|22/04/2026 10:30:02 PM|0,02|APBOG004|TERMINADO|DIARIO|N/A
222|PASO DE FACTURAS POR INTERFAZ A APOTEOSYS|22/04/2026 10:30:01 PM|22/04/2026 10:30:01 PM|0|APBOG004|TERMINADO|DIARIO|APPNEPS
271|DESCARGUE MAPISSSUPC|22/04/2026 10:30:01 PM|22/04/2026 10:30:02 PM|0,02|APBOG004|TERMINADO|DIARIO|APPNEPS
590|RELACIONES_LABORALES_DUPLICADAS|22/04/2026 10:30:01 PM|22/04/2026 10:32:47 PM|2,77|TPBOG001|TERMINADO|DIARIO|FAMISANA
220|GENERA FACTURAS PAC|22/04/2026 10:30:01 PM|22/04/2026 10:30:01 PM|0|APBOG004|TERMINADO|DIARIO|APPNEPS
720|720_CONSULTACUENTAS|22/04/2026 10:32:53 PM|22/04/2026 10:32:55 PM|0,03|TPBOG002|TERMINADO|DIARIO|MDE
720|720_CONSULTACUENTAS|22/04/2026 10:37:53 PM|22/04/2026 10:37:55 PM|0,03|TPBOG002|TERMINADO|DIARIO|MDE
223|ACTUALIZA ESTADOS DE FACTURAS PAGADAS O CANCELADAS|22/04/2026 10:40:00 PM|22/04/2026 10:40:01 PM|0,02|APBOG004|TERMINADO|DIARIO|APPNEPS
220|GENERA FACTURAS PAC|22/04/2026 10:40:01 PM|22/04/2026 10:40:01 PM|0|APBOG004|TERMINADO|DIARIO|APPNEPS
720|720_CONSULTACUENTAS|22/04/2026 10:42:53 PM|22/04/2026 10:42:55 PM|0,03|TPBOG002|TERMINADO|DIARIO|MDE
356|MOVILIDAD EPSS41|22/04/2026 10:45:00 PM|22/04/2026 10:45:07 PM|0,12|FSBOG001|TERMINADO|DIARIO|FAMISANA
148|CONECTOR|22/04/2026 10:45:01 PM|22/04/2026 11:03:48 PM|18,78|BDBOG001|TERMINADO|DIARIO|FAMISANA
228|ACT_TIPOTRABAJADOR|22/04/2026 10:45:04 PM|22/04/2026 11:01:47 PM|16,72|FSBOG001|TERMINADO|DIARIO|FAMISANA
720|720_CONSULTACUENTAS|22/04/2026 10:47:53 PM|22/04/2026 10:47:55 PM|0,03|TPBOG002|TERMINADO|DIARIO|MDE
223|ACTUALIZA ESTADOS DE FACTURAS PAGADAS O CANCELADAS|22/04/2026 10:50:00 PM|22/04/2026 10:50:01 PM|0,02|APBOG004|TERMINADO|DIARIO|APPNEPS
220|GENERA FACTURAS PAC|22/04/2026 10:50:01 PM|22/04/2026 10:50:01 PM|0|APBOG004|TERMINADO|DIARIO|APPNEPS
720|720_CONSULTACUENTAS|22/04/2026 10:52:53 PM|22/04/2026 10:52:55 PM|0,03|TPBOG002|TERMINADO|DIARIO|MDE
720|720_CONSULTACUENTAS|22/04/2026 10:57:53 PM|22/04/2026 10:57:55 PM|0,03|TPBOG002|TERMINADO|DIARIO|MDE
722|CARGUE PROCESO SAT|22/04/2026 11:00:00 PM|22/04/2026 11:00:03 PM|0,05|TPBOG001|TERMINADO|POR SOLICITUD|FAMISANA
131|14_PAGOS_TESORERIA|22/04/2026 11:00:00 PM|22/04/2026 11:00:53 PM|0,88|APBOG006|TERMINADO|DIARIO|CONT
547|JOB_EXT_PLANO_UDEA_RUN|22/04/2026 11:00:00 PM|22/04/2026 11:00:07 PM|0,12|TPBOG001|TERMINADO|DIARIO|MDE
359|HISTORICO 3951|22/04/2026 11:00:00 PM|23/04/2026 06:22:18 AM|442,3|BDBOG001|TERMINADO|DIARIO|PR_BATCH
161|NOTIFICACION GLOSAS|22/04/2026 11:00:00 PM|23/04/2026 01:50:03 AM|170,05|BDBOG001|TERMINADO|DIARIO|FAMISANA
151|RADICACION MASIVA|22/04/2026 11:00:00 PM|22/04/2026 11:00:16 PM|0,27|BDBOG001|TERMINADO|DIARIO|FAMISANA
303|MOVILIDAD PROGRAMADA|22/04/2026 11:00:00 PM|22/04/2026 11:01:38 PM|1,63|BDBOG001|TERMINADO|DIARIO|FAMISANA
156|RENOVACION AUTOMATICA CONTRATOS|22/04/2026 11:00:00 PM|22/04/2026 11:01:28 PM|1,47|BDBOG001|TERMINADO|DIARIO|FAMISANA
223|ACTUALIZA ESTADOS DE FACTURAS PAGADAS O CANCELADAS|22/04/2026 11:00:01 PM|22/04/2026 11:00:01 PM|0|APBOG004|TERMINADO|DIARIO|APPNEPS
222|PASO DE FACTURAS POR INTERFAZ A APOTEOSYS|22/04/2026 11:00:01 PM|22/04/2026 11:00:01 PM|0|APBOG004|TERMINADO|DIARIO|APPNEPS
271|DESCARGUE MAPISSSUPC|22/04/2026 11:00:01 PM|22/04/2026 11:00:02 PM|0,02|APBOG004|TERMINADO|DIARIO|APPNEPS
220|GENERA FACTURAS PAC|22/04/2026 11:00:01 PM|22/04/2026 11:00:01 PM|0|APBOG004|TERMINADO|DIARIO|APPNEPS
270|CARGA MAPIISSUPC|22/04/2026 11:00:01 PM|22/04/2026 11:00:02 PM|0,02|APBOG004|TERMINADO|DIARIO|APPNEPS
55|TAREA_4_CARGUESUPC|22/04/2026 11:00:01 PM|22/04/2026 11:00:02 PM|0,02|APBOG004|TERMINADO|DIARIO|N/A
422|RADICACION_MASIVA_CUENTAS_MEDICAS|22/04/2026 11:00:03 PM|22/04/2026 11:00:16 PM|0,22|TPBOG001|TERMINADO|DIARIO|N/A
604|DIRECCIONAMIENTO_SUGERIDO|22/04/2026 11:00:04 PM|22/04/2026 11:00:07 PM|0,05|TPBOG001|TERMINADO|SEMANAL|PR_BATCH
435|NUEVO_TUTELAS|22/04/2026 11:00:04 PM|22/04/2026 11:00:12 PM|0,13|TPBOG001|TERMINADO|DIARIO|FAMISANA
421|REP_ORDENES_COMPRA|22/04/2026 11:00:04 PM|22/04/2026 11:00:11 PM|0,12|TPBOG001|TERMINADO|DIARIO|CONT
255|REP OUTSOURCING PARA IQ|22/04/2026 11:00:04 PM|22/04/2026 11:41:09 PM|41,08|TPBOG001|TERMINADO|DIARIO|FAMISANA
706|REP_FACT_PENDIENTE|22/04/2026 11:00:05 PM|22/04/2026 11:40:55 PM|40,83|TPBOG001|TERMINADO|DIARIO|FAMISANA
420|REPORTES_AUT_BASE|22/04/2026 11:00:05 PM|22/04/2026 11:01:38 PM|1,55|TPBOG001|TERMINADO|SEMANAL|FAMISANA
631|RPT_ENTES_CM|22/04/2026 11:00:05 PM|23/04/2026 12:32:51 AM|92,77|TPBOG001|TERMINADO|DIARIO|FAMISANA
720|720_CONSULTACUENTAS|22/04/2026 11:02:53 PM|22/04/2026 11:02:55 PM|0,03|TPBOG002|TERMINADO|DIARIO|MDE
720|720_CONSULTACUENTAS|22/04/2026 11:07:53 PM|22/04/2026 11:07:55 PM|0,03|TPBOG002|TERMINADO|DIARIO|MDE
223|ACTUALIZA ESTADOS DE FACTURAS PAGADAS O CANCELADAS|22/04/2026 11:10:00 PM|22/04/2026 11:10:01 PM|0,02|APBOG004|TERMINADO|DIARIO|APPNEPS
220|GENERA FACTURAS PAC|22/04/2026 11:10:01 PM|22/04/2026 11:10:01 PM|0|APBOG004|TERMINADO|DIARIO|APPNEPS
720|720_CONSULTACUENTAS|22/04/2026 11:12:53 PM|22/04/2026 11:12:55 PM|0,03|TPBOG002|TERMINADO|DIARIO|MDE
720|720_CONSULTACUENTAS|22/04/2026 11:17:53 PM|22/04/2026 11:17:55 PM|0,03|TPBOG002|TERMINADO|DIARIO|MDE
223|ACTUALIZA ESTADOS DE FACTURAS PAGADAS O CANCELADAS|22/04/2026 11:20:00 PM|22/04/2026 11:20:01 PM|0,02|APBOG004|TERMINADO|DIARIO|APPNEPS
220|GENERA FACTURAS PAC|22/04/2026 11:20:01 PM|22/04/2026 11:20:01 PM|0|APBOG004|TERMINADO|DIARIO|APPNEPS
720|720_CONSULTACUENTAS|22/04/2026 11:22:53 PM|22/04/2026 11:22:55 PM|0,03|TPBOG002|TERMINADO|DIARIO|MDE
720|720_CONSULTACUENTAS|22/04/2026 11:27:53 PM|22/04/2026 11:27:55 PM|0,03|TPBOG002|TERMINADO|DIARIO|MDE
547|JOB_EXT_PLANO_UDEA_RUN|22/04/2026 11:30:00 PM|22/04/2026 11:30:02 PM|0,03|TPBOG001|TERMINADO|DIARIO|MDE
223|ACTUALIZA ESTADOS DE FACTURAS PAGADAS O CANCELADAS|22/04/2026 11:30:00 PM|22/04/2026 11:30:01 PM|0,02|APBOG004|TERMINADO|DIARIO|APPNEPS
724|CARGUE NOVEDADES SAT|22/04/2026 11:30:00 PM|22/04/2026 11:30:02 PM|0,03|TPBOG001|TERMINADO|DIARIO|FAMISANA
270|CARGA MAPIISSUPC|22/04/2026 11:30:01 PM|22/04/2026 11:30:02 PM|0,02|APBOG004|TERMINADO|DIARIO|APPNEPS
55|TAREA_4_CARGUESUPC|22/04/2026 11:30:01 PM|22/04/2026 11:30:02 PM|0,02|APBOG004|TERMINADO|DIARIO|N/A
271|DESCARGUE MAPISSSUPC|22/04/2026 11:30:01 PM|22/04/2026 11:30:02 PM|0,02|APBOG004|TERMINADO|DIARIO|APPNEPS
303|MOVILIDAD PROGRAMADA|22/04/2026 11:30:01 PM|22/04/2026 11:30:57 PM|0,93|BDBOG001|TERMINADO|DIARIO|FAMISANA
220|GENERA FACTURAS PAC|22/04/2026 11:30:01 PM|22/04/2026 11:30:01 PM|0|APBOG004|TERMINADO|DIARIO|APPNEPS
222|PASO DE FACTURAS POR INTERFAZ A APOTEOSYS|22/04/2026 11:30:01 PM|22/04/2026 11:30:01 PM|0|APBOG004|TERMINADO|DIARIO|APPNEPS
26|REP_FUI_MENSUAL|22/04/2026 11:30:05 PM|22/04/2026 11:37:21 PM|7,27|FSBOG001|TERMINADO|DIARIO|FAMISANA
720|720_CONSULTACUENTAS|22/04/2026 11:32:53 PM|22/04/2026 11:32:55 PM|0,03|TPBOG002|TERMINADO|DIARIO|MDE
720|720_CONSULTACUENTAS|22/04/2026 11:37:53 PM|22/04/2026 11:37:55 PM|0,03|TPBOG002|TERMINADO|DIARIO|MDE
223|ACTUALIZA ESTADOS DE FACTURAS PAGADAS O CANCELADAS|22/04/2026 11:40:06 PM|22/04/2026 11:40:06 PM|0|APBOG004|TERMINADO|DIARIO|APPNEPS
220|GENERA FACTURAS PAC|22/04/2026 11:40:06 PM|22/04/2026 11:40:06 PM|0|APBOG004|TERMINADO|DIARIO|APPNEPS
720|720_CONSULTACUENTAS|22/04/2026 11:42:53 PM|22/04/2026 11:42:55 PM|0,03|TPBOG002|TERMINADO|DIARIO|MDE
720|720_CONSULTACUENTAS|22/04/2026 11:47:53 PM|22/04/2026 11:47:55 PM|0,03|TPBOG002|TERMINADO|DIARIO|MDE
233|TAREA_18_SERVICIOS_TR2|22/04/2026 11:50:01 PM|22/04/2026 11:56:04 PM|6,05|APBOG004|TERMINADO|DIARIO|APPNEPS
223|ACTUALIZA ESTADOS DE FACTURAS PAGADAS O CANCELADAS|22/04/2026 11:50:01 PM|22/04/2026 11:50:01 PM|0|APBOG004|TERMINADO|DIARIO|APPNEPS
220|GENERA FACTURAS PAC|22/04/2026 11:50:01 PM|22/04/2026 11:50:01 PM|0|APBOG004|TERMINADO|DIARIO|APPNEPS
720|720_CONSULTACUENTAS|22/04/2026 11:52:53 PM|22/04/2026 11:52:55 PM|0,03|TPBOG002|TERMINADO|DIARIO|MDE
720|720_CONSULTACUENTAS|22/04/2026 11:57:53 PM|22/04/2026 11:57:55 PM|0,03|TPBOG002|TERMINADO|DIARIO|MDE
547|JOB_EXT_PLANO_UDEA_RUN|23/04/2026 12:00:00 AM|23/04/2026 12:00:02 AM|0,03|TPBOG001|TERMINADO|DIARIO|MDE
354|MOVILIDAD DNP|23/04/2026 12:00:00 AM|23/04/2026 12:00:03 AM|0,05|TPBOG001|TERMINADO|DIARIO|FAMISANA
223|ACTUALIZA ESTADOS DE FACTURAS PAGADAS O CANCELADAS|23/04/2026 12:00:00 AM|23/04/2026 12:00:01 AM|0,02|APBOG004|TERMINADO|DIARIO|APPNEPS
220|GENERA FACTURAS PAC|23/04/2026 12:00:00 AM|23/04/2026 12:00:01 AM|0,02|APBOG004|TERMINADO|DIARIO|APPNEPS
303|MOVILIDAD PROGRAMADA|23/04/2026 12:00:01 AM|23/04/2026 12:01:01 AM|1|BDBOG001|TERMINADO|DIARIO|FAMISANA
55|TAREA_4_CARGUESUPC|23/04/2026 12:00:01 AM|23/04/2026 12:00:02 AM|0,02|APBOG004|TERMINADO|DIARIO|N/A
270|CARGA MAPIISSUPC|23/04/2026 12:00:01 AM|23/04/2026 12:00:02 AM|0,02|APBOG004|TERMINADO|DIARIO|APPNEPS
222|PASO DE FACTURAS POR INTERFAZ A APOTEOSYS|23/04/2026 12:00:01 AM|23/04/2026 12:00:01 AM|0|APBOG004|TERMINADO|DIARIO|APPNEPS
271|DESCARGUE MAPISSSUPC|23/04/2026 12:00:01 AM|23/04/2026 12:00:02 AM|0,02|APBOG004|TERMINADO|DIARIO|APPNEPS
140|VERIFICADOR TOTAL|23/04/2026 12:01:00 AM|23/04/2026 12:53:14 AM|52,23|BDBOG001|TERMINADO|DIARIO|FAMISANA
498|VERIFICADOR SUBSIDIADO|23/04/2026 12:01:00 AM|23/04/2026 12:01:18 AM|0,3|BDBOG001|TERMINADO|DIARIO|FAMISANA
424|REPORTE_ENVIADA_REGISTRADA|23/04/2026 12:01:01 AM|23/04/2026 12:01:09 AM|0,13|TPBOG001|TERMINADO|MENSUAL|FAMISANA
720|720_CONSULTACUENTAS|23/04/2026 12:02:53 AM|23/04/2026 12:02:55 AM|0,03|TPBOG002|TERMINADO|DIARIO|MDE
673|REP_ASIGNACION_OPERADOR|23/04/2026 12:05:02 AM|23/04/2026 01:10:28 AM|65,43|TPBOG001|TERMINADO|DIARIO|FAMISANA
481|REPORTE_PTI_GESTION|23/04/2026 12:05:02 AM|23/04/2026 01:38:48 AM|93,77|TPBOG001|TERMINADO|DIARIO|PR_BATCH
720|720_CONSULTACUENTAS|23/04/2026 12:07:53 AM|23/04/2026 12:07:55 AM|0,03|TPBOG002|TERMINADO|DIARIO|MDE
308|IPS SMS|23/04/2026 12:10:00 AM|23/04/2026 12:24:12 AM|14,2|APBOG004|TERMINADO|DIARIO|FAMISANA
223|ACTUALIZA ESTADOS DE FACTURAS PAGADAS O CANCELADAS|23/04/2026 12:10:00 AM|23/04/2026 12:10:01 AM|0,02|APBOG004|TERMINADO|DIARIO|APPNEPS
220|GENERA FACTURAS PAC|23/04/2026 12:10:01 AM|23/04/2026 12:10:01 AM|0|APBOG004|TERMINADO|DIARIO|APPNEPS
388|REP IPS ESPECIALIZADA|23/04/2026 12:10:04 AM|23/04/2026 12:10:12 AM|0,13|FSBOG001|TERMINADO|DIARIO|FAMISANA
720|720_CONSULTACUENTAS|23/04/2026 12:12:53 AM|23/04/2026 12:12:55 AM|0,03|TPBOG002|TERMINADO|DIARIO|MDE
720|720_CONSULTACUENTAS|23/04/2026 12:17:53 AM|23/04/2026 12:17:55 AM|0,03|TPBOG002|TERMINADO|DIARIO|MDE
223|ACTUALIZA ESTADOS DE FACTURAS PAGADAS O CANCELADAS|23/04/2026 12:20:00 AM|23/04/2026 12:20:01 AM|0,02|APBOG004|TERMINADO|DIARIO|APPNEPS
220|GENERA FACTURAS PAC|23/04/2026 12:20:01 AM|23/04/2026 12:20:01 AM|0|APBOG004|TERMINADO|DIARIO|APPNEPS
720|720_CONSULTACUENTAS|23/04/2026 12:22:53 AM|23/04/2026 12:22:55 AM|0,03|TPBOG002|TERMINADO|DIARIO|MDE
720|720_CONSULTACUENTAS|23/04/2026 12:27:53 AM|23/04/2026 12:27:55 AM|0,03|TPBOG002|TERMINADO|DIARIO|MDE
220|GENERA FACTURAS PAC|23/04/2026 12:30:00 AM|23/04/2026 12:30:01 AM|0,02|APBOG004|TERMINADO|DIARIO|APPNEPS
547|JOB_EXT_PLANO_UDEA_RUN|23/04/2026 12:30:00 AM|23/04/2026 12:30:02 AM|0,03|TPBOG001|TERMINADO|DIARIO|MDE
223|ACTUALIZA ESTADOS DE FACTURAS PAGADAS O CANCELADAS|23/04/2026 12:30:00 AM|23/04/2026 12:30:01 AM|0,02|APBOG004|TERMINADO|DIARIO|APPNEPS
303|MOVILIDAD PROGRAMADA|23/04/2026 12:30:01 AM|23/04/2026 12:30:54 AM|0,88|BDBOG001|TERMINADO|DIARIO|FAMISANA
55|TAREA_4_CARGUESUPC|23/04/2026 12:30:01 AM|23/04/2026 12:30:02 AM|0,02|APBOG004|TERMINADO|DIARIO|N/A
141|AUDITA|23/04/2026 12:30:01 AM|23/04/2026 07:00:00 AM|389,98|BDBOG001|TERMINADO|DIARIO|FAMISANA
271|DESCARGUE MAPISSSUPC|23/04/2026 12:30:01 AM|23/04/2026 12:30:02 AM|0,02|APBOG004|TERMINADO|DIARIO|APPNEPS
270|CARGA MAPIISSUPC|23/04/2026 12:30:01 AM|23/04/2026 12:30:02 AM|0,02|APBOG004|TERMINADO|DIARIO|APPNEPS
355|MOVILIDAD EPSS37|23/04/2026 12:30:01 AM|23/04/2026 12:30:06 AM|0,08|TPBOG001|TERMINADO|DIARIO|FAMISANA
222|PASO DE FACTURAS POR INTERFAZ A APOTEOSYS|23/04/2026 12:30:01 AM|23/04/2026 12:30:01 AM|0|APBOG004|TERMINADO|DIARIO|APPNEPS
21|IMAGENES|23/04/2026 12:30:06 AM|23/04/2026 01:25:48 AM|55,7|FSBOG001|TERMINADO|DIARIO|FAMISANA
28|VARIOS_AFILIACIONES|23/04/2026 12:30:07 AM|23/04/2026 12:33:11 AM|3,07|FSBOG001|TERMINADO|DIARIO|FAMISANA
720|720_CONSULTACUENTAS|23/04/2026 12:32:53 AM|23/04/2026 12:32:55 AM|0,03|TPBOG002|TERMINADO|DIARIO|MDE
720|720_CONSULTACUENTAS|23/04/2026 12:37:53 AM|23/04/2026 12:37:55 AM|0,03|TPBOG002|TERMINADO|DIARIO|MDE
223|ACTUALIZA ESTADOS DE FACTURAS PAGADAS O CANCELADAS|23/04/2026 12:40:00 AM|23/04/2026 12:40:01 AM|0,02|APBOG004|TERMINADO|DIARIO|APPNEPS
220|GENERA FACTURAS PAC|23/04/2026 12:40:01 AM|23/04/2026 12:40:01 AM|0|APBOG004|TERMINADO|DIARIO|APPNEPS
720|720_CONSULTACUENTAS|23/04/2026 12:42:53 AM|23/04/2026 12:42:55 AM|0,03|TPBOG002|TERMINADO|DIARIO|MDE
356|MOVILIDAD EPSS41|23/04/2026 12:45:00 AM|23/04/2026 12:45:05 AM|0,08|FSBOG001|TERMINADO|DIARIO|FAMISANA
720|720_CONSULTACUENTAS|23/04/2026 12:47:53 AM|23/04/2026 12:47:55 AM|0,03|TPBOG002|TERMINADO|DIARIO|MDE
223|ACTUALIZA ESTADOS DE FACTURAS PAGADAS O CANCELADAS|23/04/2026 12:50:00 AM|23/04/2026 12:50:01 AM|0,02|APBOG004|TERMINADO|DIARIO|APPNEPS
220|GENERA FACTURAS PAC|23/04/2026 12:50:01 AM|23/04/2026 12:50:01 AM|0|APBOG004|TERMINADO|DIARIO|APPNEPS
720|720_CONSULTACUENTAS|23/04/2026 12:52:53 AM|23/04/2026 12:52:55 AM|0,03|TPBOG002|TERMINADO|DIARIO|MDE
720|720_CONSULTACUENTAS|23/04/2026 12:57:53 AM|23/04/2026 12:57:55 AM|0,03|TPBOG002|TERMINADO|DIARIO|MDE
477|REP_TECHOS|23/04/2026 01:00:00 AM|23/04/2026 01:14:16 AM|14,27|TPBOG001|TERMINADO|DIARIO|FAMISANA
111|6_LIMPIA_TEMPORALES|23/04/2026 01:00:00 AM|23/04/2026 01:00:05 AM|0,08|APBOG006|TERMINADO|DIARIO|N/A
223|ACTUALIZA ESTADOS DE FACTURAS PAGADAS O CANCELADAS|23/04/2026 01:00:00 AM|23/04/2026 01:00:01 AM|0,02|APBOG004|TERMINADO|DIARIO|APPNEPS
547|JOB_EXT_PLANO_UDEA_RUN|23/04/2026 01:00:00 AM|23/04/2026 01:00:08 AM|0,13|TPBOG001|TERMINADO|DIARIO|MDE
387|SUSPENCION CONTRATOS PAC|23/04/2026 01:00:01 AM|23/04/2026 01:00:03 AM|0,03|APBOG004|TERMINADO|SEMANAL|APPNEPS
222|PASO DE FACTURAS POR INTERFAZ A APOTEOSYS|23/04/2026 01:00:01 AM|23/04/2026 01:00:01 AM|0|APBOG004|TERMINADO|DIARIO|APPNEPS
220|GENERA FACTURAS PAC|23/04/2026 01:00:01 AM|23/04/2026 01:00:01 AM|0|APBOG004|TERMINADO|DIARIO|APPNEPS
157|CAMBIO MASIVO IPS|23/04/2026 01:00:01 AM|23/04/2026 01:01:22 AM|1,35|BDBOG001|TERMINADO|DIARIO|FAMISANA
55|TAREA_4_CARGUESUPC|23/04/2026 01:00:01 AM|23/04/2026 01:00:02 AM|0,02|APBOG004|TERMINADO|DIARIO|N/A
225|SUSPENCION SERVICIOS POR MORA|23/04/2026 01:00:01 AM|23/04/2026 01:00:02 AM|0,02|APBOG004|TERMINADO|DIARIO|APPNEPS
270|CARGA MAPIISSUPC|23/04/2026 01:00:01 AM|23/04/2026 01:00:02 AM|0,02|APBOG004|TERMINADO|DIARIO|APPNEPS
689|REP_ESTADO_FACT_PRAD|23/04/2026 01:00:01 AM|23/04/2026 01:02:08 AM|2,12|TPBOG001|TERMINADO|SEMANAL|FAMISANA
303|MOVILIDAD PROGRAMADA|23/04/2026 01:00:01 AM|23/04/2026 01:01:04 AM|1,05|BDBOG001|TERMINADO|DIARIO|FAMISANA
271|DESCARGUE MAPISSSUPC|23/04/2026 01:00:01 AM|23/04/2026 01:00:02 AM|0,02|APBOG004|TERMINADO|DIARIO|APPNEPS
728|728_REP_TERCER_CTABAN|23/04/2026 01:00:01 AM|23/04/2026 01:20:46 AM|20,75|TPBOG001|TERMINADO|DIARIO|CONT
719|REP_RAD_LINEA_BASE|23/04/2026 01:00:03 AM|23/04/2026 01:43:26 AM|43,38|TPBOG001|TERMINADO|DIARIO|FAMISANA
655|AUTOMATIZACION_FUENTES_POBLACION_ACTIVA|23/04/2026 01:00:03 AM|23/04/2026 01:00:28 AM|0,42|TPBOG001|TERMINADO|DIARIO|BI
45|AUTORI DIARIO|23/04/2026 01:00:03 AM|23/04/2026 04:17:04 AM|197,02|TPBOG001|TERMINADO|DIARIO|FAMISANA
656|AUTOMATIZACION_FUENTES_PORTAFOLIO_NEPS|23/04/2026 01:00:03 AM|23/04/2026 01:00:20 AM|0,28|TPBOG001|TERMINADO|DIARIO|BI
30|RECAUDO_DIA|23/04/2026 01:00:04 AM|23/04/2026 05:50:48 AM|290,73|FSBOG001|TERMINADO|DIARIO|FAMISANA
465|PRONEPS - REPORTE DIARIO|23/04/2026 01:00:05 AM|23/04/2026 01:00:30 AM|0,42|TPBOG001|TERMINADO|DIARIO|PR_BATCH
305|REP AFILIADO ACT SUB|23/04/2026 01:00:05 AM|23/04/2026 01:33:15 AM|33,17|TPBOG001|TERMINADO|DIARIO|FAMISANA
573|REP_EXENTOS_COPAGO|23/04/2026 01:00:05 AM|23/04/2026 01:42:44 AM|42,65|TPBOG001|TERMINADO|DIARIO|FAMISANA
443|REPORTE_RUTANOORDINARIA|23/04/2026 01:00:06 AM|23/04/2026 01:00:38 AM|0,53|TPBOG001|TERMINADO|DIARIO|PR_BATCH
402|REP_FACT_ESTADOS_OUTS_AIC_CAFAM_SEMANAL|23/04/2026 01:00:06 AM|23/04/2026 04:50:10 AM|230,07|TPBOG001|TERMINADO|SEMANAL|FAMISANA
597|REP_SEG_DECRETO_441|23/04/2026 01:00:06 AM|23/04/2026 02:39:51 AM|99,75|TPBOG001|TERMINADO|DIARIO|FAMISANA
479|PACIENTES_PRIORIZADOS|23/04/2026 01:00:58 AM|23/04/2026 01:03:16 AM|2,3|TPBOG001|TERMINADO|DIARIO|MDE
720|720_CONSULTACUENTAS|23/04/2026 01:02:53 AM|23/04/2026 01:02:55 AM|0,03|TPBOG002|TERMINADO|DIARIO|MDE
720|720_CONSULTACUENTAS|23/04/2026 01:07:53 AM|23/04/2026 01:07:55 AM|0,03|TPBOG002|TERMINADO|DIARIO|MDE
223|ACTUALIZA ESTADOS DE FACTURAS PAGADAS O CANCELADAS|23/04/2026 01:10:00 AM|23/04/2026 01:10:01 AM|0,02|APBOG004|TERMINADO|DIARIO|APPNEPS
220|GENERA FACTURAS PAC|23/04/2026 01:10:01 AM|23/04/2026 01:10:01 AM|0|APBOG004|TERMINADO|DIARIO|APPNEPS
720|720_CONSULTACUENTAS|23/04/2026 01:12:53 AM|23/04/2026 01:12:55 AM|0,03|TPBOG002|TERMINADO|DIARIO|MDE
720|720_CONSULTACUENTAS|23/04/2026 01:17:53 AM|23/04/2026 01:17:55 AM|0,03|TPBOG002|TERMINADO|DIARIO|MDE
223|ACTUALIZA ESTADOS DE FACTURAS PAGADAS O CANCELADAS|23/04/2026 01:20:00 AM|23/04/2026 01:20:01 AM|0,02|APBOG004|TERMINADO|DIARIO|APPNEPS
220|GENERA FACTURAS PAC|23/04/2026 01:20:01 AM|23/04/2026 01:20:01 AM|0|APBOG004|TERMINADO|DIARIO|APPNEPS
549|SERV_POSFECHA_POSCOND|23/04/2026 01:20:01 AM|23/04/2026 02:29:30 AM|69,48|TPBOG001|TERMINADO|DIARIO|FAMISANA
720|720_CONSULTACUENTAS|23/04/2026 01:22:53 AM|23/04/2026 01:22:55 AM|0,03|TPBOG002|TERMINADO|DIARIO|MDE
720|720_CONSULTACUENTAS|23/04/2026 01:27:53 AM|23/04/2026 01:27:55 AM|0,03|TPBOG002|TERMINADO|DIARIO|MDE
547|JOB_EXT_PLANO_UDEA_RUN|23/04/2026 01:30:00 AM|23/04/2026 01:30:07 AM|0,12|TPBOG001|TERMINADO|DIARIO|MDE
220|GENERA FACTURAS PAC|23/04/2026 01:30:00 AM|23/04/2026 01:30:01 AM|0,02|APBOG004|TERMINADO|DIARIO|APPNEPS
303|MOVILIDAD PROGRAMADA|23/04/2026 01:30:00 AM|23/04/2026 01:31:05 AM|1,08|BDBOG001|TERMINADO|DIARIO|FAMISANA
223|ACTUALIZA ESTADOS DE FACTURAS PAGADAS O CANCELADAS|23/04/2026 01:30:00 AM|23/04/2026 01:30:01 AM|0,02|APBOG004|TERMINADO|DIARIO|APPNEPS
271|DESCARGUE MAPISSSUPC|23/04/2026 01:30:01 AM|23/04/2026 01:30:02 AM|0,02|APBOG004|TERMINADO|DIARIO|APPNEPS
270|CARGA MAPIISSUPC|23/04/2026 01:30:01 AM|23/04/2026 01:30:02 AM|0,02|APBOG004|TERMINADO|DIARIO|APPNEPS
55|TAREA_4_CARGUESUPC|23/04/2026 01:30:01 AM|23/04/2026 01:30:02 AM|0,02|APBOG004|TERMINADO|DIARIO|N/A
222|PASO DE FACTURAS POR INTERFAZ A APOTEOSYS|23/04/2026 01:30:01 AM|23/04/2026 01:30:01 AM|0|APBOG004|TERMINADO|DIARIO|APPNEPS
92|BAT_PRERADICADO|23/04/2026 01:30:03 AM|23/04/2026 01:30:05 AM|0,03|TPBOG001|TERMINADO|DIARIO|FAMISANA
5|AFILIADOS|23/04/2026 01:30:09 AM|23/04/2026 01:32:04 AM|1,92|FSBOG001|TERMINADO|DIARIO|FAMISANA
720|720_CONSULTACUENTAS|23/04/2026 01:32:53 AM|23/04/2026 01:32:55 AM|0,03|TPBOG002|TERMINADO|DIARIO|MDE
720|720_CONSULTACUENTAS|23/04/2026 01:37:53 AM|23/04/2026 01:37:55 AM|0,03|TPBOG002|TERMINADO|DIARIO|MDE
223|ACTUALIZA ESTADOS DE FACTURAS PAGADAS O CANCELADAS|23/04/2026 01:40:01 AM|23/04/2026 01:40:01 AM|0|APBOG004|TERMINADO|DIARIO|APPNEPS
220|GENERA FACTURAS PAC|23/04/2026 01:40:01 AM|23/04/2026 01:40:01 AM|0|APBOG004|TERMINADO|DIARIO|APPNEPS
720|720_CONSULTACUENTAS|23/04/2026 01:42:53 AM|23/04/2026 01:42:55 AM|0,03|TPBOG002|TERMINADO|DIARIO|MDE
720|720_CONSULTACUENTAS|23/04/2026 01:47:53 AM|23/04/2026 01:47:55 AM|0,03|TPBOG002|TERMINADO|DIARIO|MDE
223|ACTUALIZA ESTADOS DE FACTURAS PAGADAS O CANCELADAS|23/04/2026 01:50:00 AM|23/04/2026 01:50:01 AM|0,02|APBOG004|TERMINADO|DIARIO|APPNEPS
220|GENERA FACTURAS PAC|23/04/2026 01:50:01 AM|23/04/2026 01:50:01 AM|0|APBOG004|TERMINADO|DIARIO|APPNEPS
720|720_CONSULTACUENTAS|23/04/2026 01:52:53 AM|23/04/2026 01:52:55 AM|0,03|TPBOG002|TERMINADO|DIARIO|MDE
720|720_CONSULTACUENTAS|23/04/2026 01:57:53 AM|23/04/2026 01:57:55 AM|0,03|TPBOG002|TERMINADO|DIARIO|MDE
88|AFILIADO XIQ|23/04/2026 02:00:00 AM|23/04/2026 03:42:59 AM|102,98|TPBOG001|TERMINADO|DIARIO|FAMISANA
142|VERIFICADOR DE NOVEDADES|23/04/2026 02:00:00 AM|23/04/2026 02:32:00 AM|32|BDBOG001|TERMINADO|DIARIO|FAMISANA
223|ACTUALIZA ESTADOS DE FACTURAS PAGADAS O CANCELADAS|23/04/2026 02:00:00 AM|23/04/2026 02:00:01 AM|0,02|APBOG004|TERMINADO|DIARIO|APPNEPS
134|GESTION|23/04/2026 02:00:00 AM|23/04/2026 02:01:11 AM|1,18|BDBOG001|TERMINADO|DIARIO|FAMISANA
547|JOB_EXT_PLANO_UDEA_RUN|23/04/2026 02:00:00 AM|23/04/2026 02:00:04 AM|0,07|TPBOG001|TERMINADO|DIARIO|MDE
155|IMAGENES PAGOS|23/04/2026 02:00:00 AM|23/04/2026 02:02:06 AM|2,1|BDBOG001|TERMINADO|DIARIO|FAMISANA
303|MOVILIDAD PROGRAMADA|23/04/2026 02:00:00 AM|23/04/2026 02:01:22 AM|1,37|BDBOG001|TERMINADO|DIARIO|FAMISANA
220|GENERA FACTURAS PAC|23/04/2026 02:00:00 AM|23/04/2026 02:00:01 AM|0,02|APBOG004|TERMINADO|DIARIO|APPNEPS
354|MOVILIDAD DNP|23/04/2026 02:00:00 AM|23/04/2026 02:00:17 AM|0,28|TPBOG001|TERMINADO|DIARIO|FAMISANA
270|CARGA MAPIISSUPC|23/04/2026 02:00:01 AM|23/04/2026 02:00:02 AM|0,02|APBOG004|TERMINADO|DIARIO|APPNEPS
55|TAREA_4_CARGUESUPC|23/04/2026 02:00:01 AM|23/04/2026 02:00:02 AM|0,02|APBOG004|TERMINADO|DIARIO|N/A
222|PASO DE FACTURAS POR INTERFAZ A APOTEOSYS|23/04/2026 02:00:01 AM|23/04/2026 02:00:01 AM|0|APBOG004|TERMINADO|DIARIO|APPNEPS
271|DESCARGUE MAPISSSUPC|23/04/2026 02:00:01 AM|23/04/2026 02:00:02 AM|0,02|APBOG004|TERMINADO|DIARIO|APPNEPS
516|REPORTE_DET_ENT_ERROR|23/04/2026 02:00:02 AM|23/04/2026 02:51:15 AM|51,22|TPBOG001|TERMINADO|SEMANAL|FAMISANA, PR_BATCH
484|PRIORIZADOS CALLCENTER|23/04/2026 02:00:03 AM|23/04/2026 02:00:08 AM|0,08|TPBOG001|TERMINADO|DIARIO|MDE
438|MEDICAMENTOS CONTROLADOS|23/04/2026 02:00:04 AM|23/04/2026 02:01:40 AM|1,6|TPBOG001|TERMINADO|DIARIO|N/A
592|REP_OFICINA_VIRTUAL|23/04/2026 02:00:04 AM|23/04/2026 02:28:39 AM|28,58|TPBOG001|TERMINADO|DIARIO|APPNEPS
343|DATOS CONTACTO|23/04/2026 02:00:05 AM|23/04/2026 02:45:40 AM|45,58|TPBOG001|TERMINADO|DIARIO|FAMISANA
544|PRC_ANULA_AUT_POS_FECH_VENCIDAS|23/04/2026 02:00:06 AM|23/04/2026 02:11:08 AM|11,03|FSBOG001|TERMINADO|DIARIO|FAMISANA
720|720_CONSULTACUENTAS|23/04/2026 02:02:53 AM|23/04/2026 02:02:55 AM|0,03|TPBOG002|TERMINADO|DIARIO|MDE
720|720_CONSULTACUENTAS|23/04/2026 02:07:53 AM|23/04/2026 02:07:55 AM|0,03|TPBOG002|TERMINADO|DIARIO|MDE
223|ACTUALIZA ESTADOS DE FACTURAS PAGADAS O CANCELADAS|23/04/2026 02:10:00 AM|23/04/2026 02:10:01 AM|0,02|APBOG004|TERMINADO|DIARIO|APPNEPS
220|GENERA FACTURAS PAC|23/04/2026 02:10:01 AM|23/04/2026 02:10:01 AM|0|APBOG004|TERMINADO|DIARIO|APPNEPS
720|720_CONSULTACUENTAS|23/04/2026 02:12:53 AM|23/04/2026 02:12:55 AM|0,03|TPBOG002|TERMINADO|DIARIO|MDE
720|720_CONSULTACUENTAS|23/04/2026 02:17:53 AM|23/04/2026 02:17:55 AM|0,03|TPBOG002|TERMINADO|DIARIO|MDE
223|ACTUALIZA ESTADOS DE FACTURAS PAGADAS O CANCELADAS|23/04/2026 02:20:00 AM|23/04/2026 02:20:01 AM|0,02|APBOG004|TERMINADO|DIARIO|APPNEPS
220|GENERA FACTURAS PAC|23/04/2026 02:20:01 AM|23/04/2026 02:20:01 AM|0|APBOG004|TERMINADO|DIARIO|APPNEPS
720|720_CONSULTACUENTAS|23/04/2026 02:22:53 AM|23/04/2026 02:22:55 AM|0,03|TPBOG002|TERMINADO|DIARIO|MDE
720|720_CONSULTACUENTAS|23/04/2026 02:27:53 AM|23/04/2026 02:27:55 AM|0,03|TPBOG002|TERMINADO|DIARIO|MDE
547|JOB_EXT_PLANO_UDEA_RUN|23/04/2026 02:30:00 AM|23/04/2026 02:30:03 AM|0,05|TPBOG001|TERMINADO|DIARIO|MDE
303|MOVILIDAD PROGRAMADA|23/04/2026 02:30:00 AM|23/04/2026 02:31:05 AM|1,08|BDBOG001|TERMINADO|DIARIO|FAMISANA
355|MOVILIDAD EPSS37|23/04/2026 02:30:00 AM|23/04/2026 02:30:05 AM|0,08|TPBOG001|TERMINADO|DIARIO|FAMISANA
223|ACTUALIZA ESTADOS DE FACTURAS PAGADAS O CANCELADAS|23/04/2026 02:30:00 AM|23/04/2026 02:30:01 AM|0,02|APBOG004|TERMINADO|DIARIO|APPNEPS
270|CARGA MAPIISSUPC|23/04/2026 02:30:01 AM|23/04/2026 02:30:02 AM|0,02|APBOG004|TERMINADO|DIARIO|APPNEPS
55|TAREA_4_CARGUESUPC|23/04/2026 02:30:01 AM|23/04/2026 02:30:02 AM|0,02|APBOG004|TERMINADO|DIARIO|N/A
271|DESCARGUE MAPISSSUPC|23/04/2026 02:30:01 AM|23/04/2026 02:30:02 AM|0,02|APBOG004|TERMINADO|DIARIO|APPNEPS
222|PASO DE FACTURAS POR INTERFAZ A APOTEOSYS|23/04/2026 02:30:01 AM|23/04/2026 02:30:01 AM|0|APBOG004|TERMINADO|DIARIO|APPNEPS
220|GENERA FACTURAS PAC|23/04/2026 02:30:01 AM|23/04/2026 02:30:01 AM|0|APBOG004|TERMINADO|DIARIO|APPNEPS
720|720_CONSULTACUENTAS|23/04/2026 02:32:53 AM|23/04/2026 02:32:55 AM|0,03|TPBOG002|TERMINADO|DIARIO|MDE
720|720_CONSULTACUENTAS|23/04/2026 02:37:53 AM|23/04/2026 02:37:55 AM|0,03|TPBOG002|TERMINADO|DIARIO|MDE
144|GENERACIÓN DE ARCHIVOS IPS|23/04/2026 02:40:00 AM|23/04/2026 03:25:21 AM|45,35|BDBOG001|TERMINADO|DIARIO|FAMISANA
223|ACTUALIZA ESTADOS DE FACTURAS PAGADAS O CANCELADAS|23/04/2026 02:40:00 AM|23/04/2026 02:40:01 AM|0,02|APBOG004|TERMINADO|DIARIO|APPNEPS
220|GENERA FACTURAS PAC|23/04/2026 02:40:01 AM|23/04/2026 02:40:01 AM|0|APBOG004|TERMINADO|DIARIO|APPNEPS
720|720_CONSULTACUENTAS|23/04/2026 02:42:53 AM|23/04/2026 02:42:55 AM|0,03|TPBOG002|TERMINADO|DIARIO|MDE
356|MOVILIDAD EPSS41|23/04/2026 02:45:00 AM|23/04/2026 02:45:04 AM|0,07|FSBOG001|TERMINADO|DIARIO|FAMISANA
720|720_CONSULTACUENTAS|23/04/2026 02:47:53 AM|23/04/2026 02:47:55 AM|0,03|TPBOG002|TERMINADO|DIARIO|MDE
223|ACTUALIZA ESTADOS DE FACTURAS PAGADAS O CANCELADAS|23/04/2026 02:50:00 AM|23/04/2026 02:50:01 AM|0,02|APBOG004|TERMINADO|DIARIO|APPNEPS
220|GENERA FACTURAS PAC|23/04/2026 02:50:01 AM|23/04/2026 02:50:01 AM|0|APBOG004|TERMINADO|DIARIO|APPNEPS
720|720_CONSULTACUENTAS|23/04/2026 02:52:53 AM|23/04/2026 02:52:55 AM|0,03|TPBOG002|TERMINADO|DIARIO|MDE
720|720_CONSULTACUENTAS|23/04/2026 02:57:53 AM|23/04/2026 02:57:55 AM|0,03|TPBOG002|TERMINADO|DIARIO|MDE
298|SALDOS LEGALIZACION|23/04/2026 02:58:05 AM|23/04/2026 03:06:13 AM|8,13|FSBOG001|TERMINADO|DIARIO|CONT
145|ESTADOS DE RADICACION|23/04/2026 03:00:00 AM|23/04/2026 03:02:05 AM|2,08|BDBOG001|TERMINADO|DIARIO|FAMISANA
0|5_DOCPEN_WEB|23/04/2026 03:00:00 AM|23/04/2026 03:08:18 AM|8,3|APBOG006|TERMINADO|DIARIO|N/A
146|ARCHIVOS PARA PEP|23/04/2026 03:00:00 AM|23/04/2026 03:27:47 AM|27,78|BDBOG001|TERMINADO|DIARIO|FAMISANA
224|ACTUALIZACION DE AFILIADOS INTEGRAL EN INT_APPNEPS|23/04/2026 03:00:00 AM|23/04/2026 03:47:59 AM|47,98|APBOG004|TERMINADO|DIARIO|APPNEPS
303|MOVILIDAD PROGRAMADA|23/04/2026 03:00:00 AM|23/04/2026 03:01:25 AM|1,42|BDBOG001|TERMINADO|DIARIO|FAMISANA
325|ACT FORMATO DE INTEGRALIDAD|23/04/2026 03:00:00 AM|23/04/2026 03:00:10 AM|0,17|APBOG004|TERMINADO|DIARIO|APPNEPS
547|JOB_EXT_PLANO_UDEA_RUN|23/04/2026 03:00:00 AM|23/04/2026 03:00:04 AM|0,07|TPBOG001|TERMINADO|DIARIO|MDE
379|VALIDACION VIG CORREO PORTAL|23/04/2026 03:00:00 AM|23/04/2026 03:01:26 AM|1,43|BDBOG001|TERMINADO|DIARIO|FAMISANA
37|10_AUTORIZACIONES_AM_DIAGEN|23/04/2026 03:00:00 AM|23/04/2026 03:01:10 AM|1,17|APBOG006|TERMINADO|MENSUAL|FAMISANA
223|ACTUALIZA ESTADOS DE FACTURAS PAGADAS O CANCELADAS|23/04/2026 03:00:00 AM|23/04/2026 03:00:01 AM|0,02|APBOG004|TERMINADO|DIARIO|APPNEPS
270|CARGA MAPIISSUPC|23/04/2026 03:00:01 AM|23/04/2026 03:00:02 AM|0,02|APBOG004|TERMINADO|DIARIO|APPNEPS
222|PASO DE FACTURAS POR INTERFAZ A APOTEOSYS|23/04/2026 03:00:01 AM|23/04/2026 03:00:01 AM|0|APBOG004|TERMINADO|DIARIO|APPNEPS
220|GENERA FACTURAS PAC|23/04/2026 03:00:01 AM|23/04/2026 03:00:01 AM|0|APBOG004|TERMINADO|DIARIO|APPNEPS
271|DESCARGUE MAPISSSUPC|23/04/2026 03:00:01 AM|23/04/2026 03:00:02 AM|0,02|APBOG004|TERMINADO|DIARIO|APPNEPS
672|REP_COSTO_PROCESADO|23/04/2026 03:00:02 AM|23/04/2026 03:10:48 AM|10,77|TPBOG001|TERMINADO|DIARIO|FAMISANA
472|CARGA_PANEL_COMERCIAL|23/04/2026 03:00:02 AM|23/04/2026 03:00:04 AM|0,03|TPBOG001|TERMINADO|DIARIO|PR_BATCH
646|REP_FACT_OPERADOR|23/04/2026 03:00:02 AM|23/04/2026 05:16:51 AM|136,82|TPBOG001|TERMINADO|SEMANAL|FAMISANA
55|TAREA_4_CARGUESUPC|23/04/2026 03:00:02 AM|23/04/2026 03:00:03 AM|0,02|APBOG004|TERMINADO|DIARIO|N/A
457|REPORTE_PRESCRIPCIONES_MIPRES_MES|23/04/2026 03:00:02 AM|23/04/2026 03:03:41 AM|3,65|TPBOG001|TERMINADO|DIARIO|PR_BATCH
588|RPT_CONTROL_PRESCRIPCION|23/04/2026 03:00:03 AM|23/04/2026 03:06:59 AM|6,93|TPBOG001|TERMINADO|DIARIO|FAMISANA
537|REP_GESTIONADO_MIPRES_NEW|23/04/2026 03:00:03 AM|23/04/2026 03:47:16 AM|47,22|TPBOG001|TERMINADO|DIARIO|PR_BATCH
626|REP_RAD_ANULADOS|23/04/2026 03:00:03 AM|23/04/2026 03:07:23 AM|7,33|TPBOG001|TERMINADO|DIARIO|FAMISANA
683|REP_PAGOS_ULTIMOS_TRESMESES|23/04/2026 03:00:04 AM|23/04/2026 03:00:12 AM|0,13|TPBOG001|TERMINADO|DIARIO|CONT
322|MARCA EXENTOS SUB|23/04/2026 03:00:05 AM|23/04/2026 05:07:22 AM|127,28|FSBOG001|TERMINADO|SEMANAL|FAMISANA
534|SOL_PAGOS_APOR_PORTAL|23/04/2026 03:00:05 AM|23/04/2026 03:00:27 AM|0,37|FSBOG001|TERMINADO|DIARIO|FAMISANA
720|720_CONSULTACUENTAS|23/04/2026 03:02:53 AM|23/04/2026 03:02:55 AM|0,03|TPBOG002|TERMINADO|DIARIO|MDE
720|720_CONSULTACUENTAS|23/04/2026 03:07:53 AM|23/04/2026 03:07:55 AM|0,03|TPBOG002|TERMINADO|DIARIO|MDE
223|ACTUALIZA ESTADOS DE FACTURAS PAGADAS O CANCELADAS|23/04/2026 03:10:00 AM|23/04/2026 03:10:01 AM|0,02|APBOG004|TERMINADO|DIARIO|APPNEPS
220|GENERA FACTURAS PAC|23/04/2026 03:10:01 AM|23/04/2026 03:10:01 AM|0|APBOG004|TERMINADO|DIARIO|APPNEPS
380|REP WALKER C100|23/04/2026 03:10:03 AM|23/04/2026 03:30:19 AM|20,27|FSBOG001|TERMINADO|DIARIO|FAMISANA
720|720_CONSULTACUENTAS|23/04/2026 03:12:53 AM|23/04/2026 03:12:55 AM|0,03|TPBOG002|TERMINADO|DIARIO|MDE
263|REP FACT ESTADOS OUT DIARIO|23/04/2026 03:15:01 AM|23/04/2026 06:03:18 AM|168,28|TPBOG001|TERMINADO|DIARIO|FAMISANA
31|RECAUDO_TOTAL|23/04/2026 03:15:11 AM|||FSBOG001|EN EJECUCION|DIARIO|FAMISANA
720|720_CONSULTACUENTAS|23/04/2026 03:17:53 AM|23/04/2026 03:17:55 AM|0,03|TPBOG002|TERMINADO|DIARIO|MDE
223|ACTUALIZA ESTADOS DE FACTURAS PAGADAS O CANCELADAS|23/04/2026 03:20:00 AM|23/04/2026 03:20:01 AM|0,02|APBOG004|TERMINADO|DIARIO|APPNEPS
220|GENERA FACTURAS PAC|23/04/2026 03:20:01 AM|23/04/2026 03:20:01 AM|0|APBOG004|TERMINADO|DIARIO|APPNEPS
4|AFILEMPRESA2|23/04/2026 03:20:04 AM|||FSBOG001|EN EJECUCION|DIARIO|FAMISANA
720|720_CONSULTACUENTAS|23/04/2026 03:22:53 AM|23/04/2026 03:22:55 AM|0,03|TPBOG002|TERMINADO|DIARIO|MDE
720|720_CONSULTACUENTAS|23/04/2026 03:27:53 AM|23/04/2026 03:27:55 AM|0,03|TPBOG002|TERMINADO|DIARIO|MDE
547|JOB_EXT_PLANO_UDEA_RUN|23/04/2026 03:30:00 AM|23/04/2026 03:30:02 AM|0,03|TPBOG001|TERMINADO|DIARIO|MDE
303|MOVILIDAD PROGRAMADA|23/04/2026 03:30:00 AM|23/04/2026 03:31:04 AM|1,07|BDBOG001|TERMINADO|DIARIO|FAMISANA
223|ACTUALIZA ESTADOS DE FACTURAS PAGADAS O CANCELADAS|23/04/2026 03:30:00 AM|23/04/2026 03:30:01 AM|0,02|APBOG004|TERMINADO|DIARIO|APPNEPS
220|GENERA FACTURAS PAC|23/04/2026 03:30:00 AM|23/04/2026 03:30:01 AM|0,02|APBOG004|TERMINADO|DIARIO|APPNEPS
270|CARGA MAPIISSUPC|23/04/2026 03:30:01 AM|23/04/2026 03:30:02 AM|0,02|APBOG004|TERMINADO|DIARIO|APPNEPS
55|TAREA_4_CARGUESUPC|23/04/2026 03:30:01 AM|23/04/2026 03:30:02 AM|0,02|APBOG004|TERMINADO|DIARIO|N/A
222|PASO DE FACTURAS POR INTERFAZ A APOTEOSYS|23/04/2026 03:30:01 AM|23/04/2026 03:30:01 AM|0|APBOG004|TERMINADO|DIARIO|APPNEPS
271|DESCARGUE MAPISSSUPC|23/04/2026 03:30:01 AM|23/04/2026 03:30:02 AM|0,02|APBOG004|TERMINADO|DIARIO|APPNEPS
720|720_CONSULTACUENTAS|23/04/2026 03:32:53 AM|23/04/2026 03:32:55 AM|0,03|TPBOG002|TERMINADO|DIARIO|MDE
720|720_CONSULTACUENTAS|23/04/2026 03:37:54 AM|23/04/2026 03:37:55 AM|0,02|TPBOG002|TERMINADO|DIARIO|MDE
223|ACTUALIZA ESTADOS DE FACTURAS PAGADAS O CANCELADAS|23/04/2026 03:40:00 AM|23/04/2026 03:40:01 AM|0,02|APBOG004|TERMINADO|DIARIO|APPNEPS
220|GENERA FACTURAS PAC|23/04/2026 03:40:01 AM|23/04/2026 03:40:01 AM|0|APBOG004|TERMINADO|DIARIO|APPNEPS
720|720_CONSULTACUENTAS|23/04/2026 03:42:53 AM|23/04/2026 03:42:55 AM|0,03|TPBOG002|TERMINADO|DIARIO|MDE
720|720_CONSULTACUENTAS|23/04/2026 03:47:53 AM|23/04/2026 03:47:55 AM|0,03|TPBOG002|TERMINADO|DIARIO|MDE
223|ACTUALIZA ESTADOS DE FACTURAS PAGADAS O CANCELADAS|23/04/2026 03:50:00 AM|23/04/2026 03:50:01 AM|0,02|APBOG004|TERMINADO|DIARIO|APPNEPS
220|GENERA FACTURAS PAC|23/04/2026 03:50:01 AM|23/04/2026 03:50:01 AM|0|APBOG004|TERMINADO|DIARIO|APPNEPS
720|720_CONSULTACUENTAS|23/04/2026 03:52:53 AM|23/04/2026 03:52:55 AM|0,03|TPBOG002|TERMINADO|DIARIO|MDE
255|REP OUTSOURCING PARA IQ|23/04/2026 03:55:01 AM|23/04/2026 04:40:55 AM|45,9|TPBOG001|TERMINADO|DIARIO|FAMISANA
720|720_CONSULTACUENTAS|23/04/2026 03:57:53 AM|23/04/2026 03:57:55 AM|0,03|TPBOG002|TERMINADO|DIARIO|MDE
354|MOVILIDAD DNP|23/04/2026 04:00:00 AM|23/04/2026 04:00:06 AM|0,1|TPBOG001|TERMINADO|DIARIO|FAMISANA
223|ACTUALIZA ESTADOS DE FACTURAS PAGADAS O CANCELADAS|23/04/2026 04:00:00 AM|23/04/2026 04:00:01 AM|0,02|APBOG004|TERMINADO|DIARIO|APPNEPS
547|JOB_EXT_PLANO_UDEA_RUN|23/04/2026 04:00:00 AM|23/04/2026 04:00:06 AM|0,1|TPBOG001|TERMINADO|DIARIO|MDE
303|MOVILIDAD PROGRAMADA|23/04/2026 04:00:00 AM|23/04/2026 04:01:18 AM|1,3|BDBOG001|TERMINADO|DIARIO|FAMISANA
220|GENERA FACTURAS PAC|23/04/2026 04:00:00 AM|23/04/2026 04:00:01 AM|0,02|APBOG004|TERMINADO|DIARIO|APPNEPS
271|DESCARGUE MAPISSSUPC|23/04/2026 04:00:01 AM|23/04/2026 04:00:02 AM|0,02|APBOG004|TERMINADO|DIARIO|APPNEPS
270|CARGA MAPIISSUPC|23/04/2026 04:00:01 AM|23/04/2026 04:00:02 AM|0,02|APBOG004|TERMINADO|DIARIO|APPNEPS
55|TAREA_4_CARGUESUPC|23/04/2026 04:00:01 AM|23/04/2026 04:00:02 AM|0,02|APBOG004|TERMINADO|DIARIO|N/A
222|PASO DE FACTURAS POR INTERFAZ A APOTEOSYS|23/04/2026 04:00:01 AM|23/04/2026 04:00:01 AM|0|APBOG004|TERMINADO|DIARIO|APPNEPS
530|REPORTE GENERAL TUTELAS|23/04/2026 04:00:03 AM|23/04/2026 04:18:24 AM|18,35|TPBOG001|TERMINADO|DIARIO|APPNEPS
619|619_RPT_IPS_PRIORIZADAS|23/04/2026 04:00:05 AM|23/04/2026 04:07:06 AM|7,02|TPBOG001|TERMINADO|DIARIO|FAMISANA
671|EXPORTABLES_V3|23/04/2026 04:00:05 AM|23/04/2026 04:26:55 AM|26,83|TPBOG001|TERMINADO|DIARIO|APPNEPS
361|DESCARGUE MIPRES 3951|23/04/2026 04:00:05 AM|23/04/2026 04:00:19 AM|0,23|TPBOG001|TERMINADO|DIARIO|PR_BATCH
596|REP_NOTIF_DEV_ORDGLOSA|23/04/2026 04:00:05 AM|23/04/2026 04:13:23 AM|13,3|TPBOG001|TERMINADO|DIARIO|FAMISANA
448|REPORTE_DECISIONES_PARCIALES|23/04/2026 04:00:06 AM|23/04/2026 04:43:03 AM|42,95|TPBOG001|TERMINADO|DIARIO|FAMISANA
531|CARGAUSUARIOS|23/04/2026 04:00:06 AM|23/04/2026 04:00:23 AM|0,28|TPBOG001|TERMINADO|DIARIO|PR_BATCH
425|REPORTES_CONTRATACION_IPS|23/04/2026 04:00:06 AM|23/04/2026 05:19:42 AM|79,6|TPBOG001|TERMINADO|SEMANAL|FAMISANA
583|REPORTE_EJECUCION_RN_PRODUCTOS_ESP|23/04/2026 04:00:06 AM|23/04/2026 04:00:11 AM|0,08|TPBOG001|TERMINADO|DIARIO|FAMISANA
642|REP_DEVOL_DIARIO|23/04/2026 04:00:06 AM|23/04/2026 04:08:16 AM|8,17|TPBOG001|TERMINADO|DIARIO|FAMISANA
401|CONTRATACION_ASOCIADAS|23/04/2026 04:00:06 AM|23/04/2026 04:14:19 AM|14,22|TPBOG001|TERMINADO|DIARIO|N/A
566|REP_COHORTE_ONCOLOGICO|23/04/2026 04:00:07 AM|23/04/2026 04:00:13 AM|0,1|TPBOG001|TERMINADO|DIARIO|FAMISANA
709|REPORTES_AUTORIZACIONES_POS_MEDICAMENTOS|23/04/2026 04:00:08 AM|23/04/2026 04:32:06 AM|31,97|TPBOG001|TERMINADO|DIARIO|FAMISANA
236|REP_CTC_GESTION_DIA|23/04/2026 04:00:09 AM|23/04/2026 04:18:03 AM|17,9|FSBOG001|TERMINADO|DIARIO|FAMISANA
543|AFILSUBSIDIADO|23/04/2026 04:00:09 AM|23/04/2026 04:53:11 AM|53,03|FSBOG001|TERMINADO|DIARIO|FAMISANA
383|REP_DECISIONES_GES_DIA|23/04/2026 04:00:10 AM|23/04/2026 04:00:37 AM|0,45|FSBOG001|TERMINADO|DIARIO|FAMISANA
318|FACTURAS PENDIENTES|23/04/2026 04:00:10 AM|23/04/2026 04:01:07 AM|0,95|FSBOG001|TERMINADO|DIARIO|FAMISANA
266|REP ACUERDO PAGOS|23/04/2026 04:00:10 AM|23/04/2026 04:11:49 AM|11,65|FSBOG001|TERMINADO|MENSUAL|FAMISANA
107|USUARIOS_SISTEMAS|23/04/2026 04:00:10 AM|23/04/2026 04:18:56 AM|18,77|FSBOG001|TERMINADO|MENSUAL|FAMISANA
538|AUTORI_BACK_AYA|23/04/2026 04:00:10 AM|23/04/2026 04:03:53 AM|3,72|FSBOG001|TERMINADO|DIARIO|FAMISANA
122|CASO_34687_DETALLE_AFILIADOSATEP|23/04/2026 04:00:10 AM|23/04/2026 04:05:23 AM|5,22|FSBOG001|TERMINADO|DIARIO|FAMISANA
720|720_CONSULTACUENTAS|23/04/2026 04:02:53 AM|23/04/2026 04:02:55 AM|0,03|TPBOG002|TERMINADO|DIARIO|MDE
720|720_CONSULTACUENTAS|23/04/2026 04:07:53 AM|23/04/2026 04:07:55 AM|0,03|TPBOG002|TERMINADO|DIARIO|MDE
223|ACTUALIZA ESTADOS DE FACTURAS PAGADAS O CANCELADAS|23/04/2026 04:10:00 AM|23/04/2026 04:10:01 AM|0,02|APBOG004|TERMINADO|DIARIO|APPNEPS
220|GENERA FACTURAS PAC|23/04/2026 04:10:01 AM|23/04/2026 04:10:01 AM|0|APBOG004|TERMINADO|DIARIO|APPNEPS
264|DATOS CTC HIST|23/04/2026 04:10:03 AM|23/04/2026 04:10:07 AM|0,07|FSBOG001|TERMINADO|DIARIO|FAMISANA
720|720_CONSULTACUENTAS|23/04/2026 04:12:53 AM|23/04/2026 04:12:55 AM|0,03|TPBOG002|TERMINADO|DIARIO|MDE
336|REP AFILIADO DISCAPACIDAD|23/04/2026 04:15:01 AM|23/04/2026 04:17:27 AM|2,43|TPBOG001|TERMINADO|DIARIO|FAMISANA
327|CAMBIO DATOS BASICOS|23/04/2026 04:15:01 AM|23/04/2026 04:17:11 AM|2,17|TPBOG001|TERMINADO|DIARIO|FAMISANA
720|720_CONSULTACUENTAS|23/04/2026 04:17:53 AM|23/04/2026 04:17:55 AM|0,03|TPBOG002|TERMINADO|DIARIO|MDE
220|GENERA FACTURAS PAC|23/04/2026 04:20:01 AM|23/04/2026 04:20:01 AM|0|APBOG004|TERMINADO|DIARIO|APPNEPS
223|ACTUALIZA ESTADOS DE FACTURAS PAGADAS O CANCELADAS|23/04/2026 04:20:01 AM|23/04/2026 04:20:01 AM|0|APBOG004|TERMINADO|DIARIO|APPNEPS
331|RECLASIFICACION COSTO AGRUPADO|23/04/2026 04:20:02 AM|23/04/2026 04:51:17 AM|31,25|TPBOG001|TERMINADO|DIARIO|FAMISANA
720|720_CONSULTACUENTAS|23/04/2026 04:22:53 AM|23/04/2026 04:22:55 AM|0,03|TPBOG002|TERMINADO|DIARIO|MDE
57|AFILIADODETCAUSAL|23/04/2026 04:25:04 AM|23/04/2026 05:47:40 AM|82,6|FSBOG001|TERMINADO|DIARIO|FAMISANA
720|720_CONSULTACUENTAS|23/04/2026 04:27:53 AM|23/04/2026 04:27:55 AM|0,03|TPBOG002|TERMINADO|DIARIO|MDE
355|MOVILIDAD EPSS37|23/04/2026 04:30:00 AM|23/04/2026 04:30:05 AM|0,08|TPBOG001|TERMINADO|DIARIO|FAMISANA
547|JOB_EXT_PLANO_UDEA_RUN|23/04/2026 04:30:00 AM|23/04/2026 04:30:09 AM|0,15|TPBOG001|TERMINADO|DIARIO|MDE
223|ACTUALIZA ESTADOS DE FACTURAS PAGADAS O CANCELADAS|23/04/2026 04:30:00 AM|23/04/2026 04:30:01 AM|0,02|APBOG004|TERMINADO|DIARIO|APPNEPS
222|PASO DE FACTURAS POR INTERFAZ A APOTEOSYS|23/04/2026 04:30:01 AM|23/04/2026 04:30:01 AM|0|APBOG004|TERMINADO|DIARIO|APPNEPS
303|MOVILIDAD PROGRAMADA|23/04/2026 04:30:01 AM|23/04/2026 04:30:48 AM|0,78|BDBOG001|TERMINADO|DIARIO|FAMISANA
271|DESCARGUE MAPISSSUPC|23/04/2026 04:30:01 AM|23/04/2026 04:30:02 AM|0,02|APBOG004|TERMINADO|DIARIO|APPNEPS
220|GENERA FACTURAS PAC|23/04/2026 04:30:01 AM|23/04/2026 04:30:01 AM|0|APBOG004|TERMINADO|DIARIO|APPNEPS
270|CARGA MAPIISSUPC|23/04/2026 04:30:01 AM|23/04/2026 04:30:02 AM|0,02|APBOG004|TERMINADO|DIARIO|APPNEPS
55|TAREA_4_CARGUESUPC|23/04/2026 04:30:01 AM|23/04/2026 04:30:02 AM|0,02|APBOG004|TERMINADO|DIARIO|N/A
9|AFILXEMPRESA|23/04/2026 04:30:02 AM|23/04/2026 05:59:10 AM|89,13|TPBOG001|TERMINADO|DIARIO|FAMISANA
39|ENVIO ARCHIVOS IPS EXCLUSIVAS DE A&A Y NO EXCLUSIVAS|23/04/2026 04:30:05 AM|||APBOG006|ERROR|DIARIO|FAMISANA
720|720_CONSULTACUENTAS|23/04/2026 04:32:53 AM|23/04/2026 04:32:55 AM|0,03|TPBOG002|TERMINADO|DIARIO|MDE
720|720_CONSULTACUENTAS|23/04/2026 04:37:53 AM|23/04/2026 04:37:55 AM|0,03|TPBOG002|TERMINADO|DIARIO|MDE
220|GENERA FACTURAS PAC|23/04/2026 04:40:01 AM|23/04/2026 04:40:01 AM|0|APBOG004|TERMINADO|DIARIO|APPNEPS
223|ACTUALIZA ESTADOS DE FACTURAS PAGADAS O CANCELADAS|23/04/2026 04:40:01 AM|23/04/2026 04:40:01 AM|0|APBOG004|TERMINADO|DIARIO|APPNEPS
720|720_CONSULTACUENTAS|23/04/2026 04:42:53 AM|23/04/2026 04:42:55 AM|0,03|TPBOG002|TERMINADO|DIARIO|MDE
356|MOVILIDAD EPSS41|23/04/2026 04:45:00 AM|23/04/2026 04:45:05 AM|0,08|FSBOG001|TERMINADO|DIARIO|FAMISANA
364|NOVEDADES DE AUTORIZACION POR USUARIO|23/04/2026 04:45:02 AM|23/04/2026 04:49:32 AM|4,5|TPBOG001|TERMINADO|SEMANAL|FAMISANA
720|720_CONSULTACUENTAS|23/04/2026 04:47:53 AM|23/04/2026 04:47:55 AM|0,03|TPBOG002|TERMINADO|DIARIO|MDE
220|GENERA FACTURAS PAC|23/04/2026 04:50:01 AM|23/04/2026 04:50:01 AM|0|APBOG004|TERMINADO|DIARIO|APPNEPS
223|ACTUALIZA ESTADOS DE FACTURAS PAGADAS O CANCELADAS|23/04/2026 04:50:01 AM|23/04/2026 04:50:01 AM|0|APBOG004|TERMINADO|DIARIO|APPNEPS
720|720_CONSULTACUENTAS|23/04/2026 04:52:53 AM|23/04/2026 04:52:55 AM|0,03|TPBOG002|TERMINADO|DIARIO|MDE
720|720_CONSULTACUENTAS|23/04/2026 04:57:54 AM|23/04/2026 04:57:55 AM|0,02|TPBOG002|TERMINADO|DIARIO|MDE
547|JOB_EXT_PLANO_UDEA_RUN|23/04/2026 05:00:00 AM|23/04/2026 05:00:13 AM|0,22|TPBOG001|TERMINADO|DIARIO|MDE
303|MOVILIDAD PROGRAMADA|23/04/2026 05:00:00 AM|23/04/2026 05:01:03 AM|1,05|BDBOG001|TERMINADO|DIARIO|FAMISANA
270|CARGA MAPIISSUPC|23/04/2026 05:00:01 AM|23/04/2026 05:00:02 AM|0,02|APBOG004|TERMINADO|DIARIO|APPNEPS
55|TAREA_4_CARGUESUPC|23/04/2026 05:00:01 AM|23/04/2026 05:00:02 AM|0,02|APBOG004|TERMINADO|DIARIO|N/A
222|PASO DE FACTURAS POR INTERFAZ A APOTEOSYS|23/04/2026 05:00:01 AM|23/04/2026 05:00:01 AM|0|APBOG004|TERMINADO|DIARIO|APPNEPS
220|GENERA FACTURAS PAC|23/04/2026 05:00:01 AM|23/04/2026 05:00:01 AM|0|APBOG004|TERMINADO|DIARIO|APPNEPS
223|ACTUALIZA ESTADOS DE FACTURAS PAGADAS O CANCELADAS|23/04/2026 05:00:01 AM|23/04/2026 05:00:01 AM|0|APBOG004|TERMINADO|DIARIO|APPNEPS
271|DESCARGUE MAPISSSUPC|23/04/2026 05:00:01 AM|23/04/2026 05:00:02 AM|0,02|APBOG004|TERMINADO|DIARIO|APPNEPS
716|RPTE_MOVILIDAD_REGIMEN|23/04/2026 05:00:03 AM|23/04/2026 05:00:43 AM|0,67|TPBOG001|TERMINADO|DIARIO|FAMISANA
444|REPORTES_AUDIFARMA_ESPECIALIZADA|23/04/2026 05:00:04 AM|23/04/2026 05:03:52 AM|3,8|TPBOG001|TERMINADO|DIARIO|FAMISANA
510|REPORTE_AFILIADOS_CIEL|23/04/2026 05:00:04 AM|23/04/2026 05:00:09 AM|0,08|TPBOG001|TERMINADO|DIARIO|PRMASIVO
645|REPORTERADGOS|23/04/2026 05:00:05 AM|23/04/2026 05:03:27 AM|3,37|TPBOG001|TERMINADO|DIARIO|FAMISANA
609|REPORTE_RADICACION_LIQ|23/04/2026 05:00:05 AM|23/04/2026 05:01:47 AM|1,7|TPBOG001|TERMINADO|DIARIO|FAMISANA
456|REPORTE_ONCOLOGIA_MENORES|23/04/2026 05:00:06 AM|23/04/2026 05:31:40 AM|31,57|TPBOG001|TERMINADO|DIARIO|FAMISANA
634|634_REPORTE_CONTINGENCIA_AUDIFARMA|23/04/2026 05:00:06 AM|23/04/2026 05:01:24 AM|1,3|TPBOG001|TERMINADO|DIARIO|FAMISANA
638|REP_CALIDAD_CAPITA|23/04/2026 05:00:06 AM|23/04/2026 05:02:01 AM|1,92|TPBOG001|TERMINADO|DIARIO|FAMISANA
480|REPORTE_NOVEDADES_MIPRES|23/04/2026 05:00:06 AM|23/04/2026 05:01:49 AM|1,72|TPBOG001|TERMINADO|DIARIO|FAMISANA, PR_BATCH
594|REP_CIERRE_VIGENCIAS|23/04/2026 05:00:07 AM|23/04/2026 05:00:12 AM|0,08|TPBOG001|TERMINADO|SEMANAL|FAMISANA
398|REPORTES_ENFERMEDADES_HUERFANAS|23/04/2026 05:00:07 AM|23/04/2026 05:00:11 AM|0,07|TPBOG001|TERMINADO|DIARIO|PR_BATCH
676|DISFARMA|23/04/2026 05:00:08 AM|23/04/2026 05:00:17 AM|0,15|TPBOG001|TERMINADO|DIARIO|FAMISANA
403|REPORTES_HEPATITIS_C|23/04/2026 05:00:08 AM|23/04/2026 05:00:52 AM|0,73|TPBOG001|TERMINADO|SEMANAL|PR_BATCH
615|RPTE_TRAZACOVID|23/04/2026 05:00:08 AM|23/04/2026 05:00:14 AM|0,1|TPBOG001|TERMINADO|QUINCENAL|APPNEPS
488|REPORTE_DATOS_DIRECCIONAMIENTO_RUTA_ORDINARIA|23/04/2026 05:00:10 AM|23/04/2026 05:02:04 AM|1,9|TPBOG001|TERMINADO|DIARIO|PR_BATCH
578|INFORME DISCAPACIDAD|23/04/2026 05:00:12 AM|23/04/2026 05:00:21 AM|0,15|FSBOG001|TERMINADO|DIARIO|FAMISANA
546|AUTORIZ REGIONAL CENTRO ORIENTE|23/04/2026 05:00:13 AM|23/04/2026 05:01:24 AM|1,18|FSBOG001|TERMINADO|DIARIO|FAMISANA
510|REPORTE_AFILIADOS_CIEL|23/04/2026 05:00:14 AM|23/04/2026 05:00:14 AM|0|TPBOG001|TERMINADO|DIARIO|PRMASIVO
720|720_CONSULTACUENTAS|23/04/2026 05:02:53 AM|23/04/2026 05:02:55 AM|0,03|TPBOG002|TERMINADO|DIARIO|MDE
406|REP_DEVOLUCIONES_PILOTOS|23/04/2026 05:05:02 AM|23/04/2026 05:05:04 AM|0,03|TPBOG001|TERMINADO|SEMANAL|FAMISANA
329|SERVICIOS NOPOS SUBSIDIADO|23/04/2026 05:05:27 AM|23/04/2026 05:06:40 AM|1,22|TPBOG001|TERMINADO|DIARIO|FAMISANA
720|720_CONSULTACUENTAS|23/04/2026 05:07:53 AM|23/04/2026 05:07:55 AM|0,03|TPBOG002|TERMINADO|DIARIO|MDE
220|GENERA FACTURAS PAC|23/04/2026 05:10:01 AM|23/04/2026 05:10:01 AM|0|APBOG004|TERMINADO|DIARIO|APPNEPS
223|ACTUALIZA ESTADOS DE FACTURAS PAGADAS O CANCELADAS|23/04/2026 05:10:01 AM|23/04/2026 05:10:01 AM|0|APBOG004|TERMINADO|DIARIO|APPNEPS
329|SERVICIOS NOPOS SUBSIDIADO|23/04/2026 05:10:02 AM|23/04/2026 05:10:28 AM|0,43|TPBOG001|TERMINADO|DIARIO|FAMISANA
720|720_CONSULTACUENTAS|23/04/2026 05:12:53 AM|23/04/2026 05:12:55 AM|0,03|TPBOG002|TERMINADO|DIARIO|MDE
720|720_CONSULTACUENTAS|23/04/2026 05:17:53 AM|23/04/2026 05:17:55 AM|0,03|TPBOG002|TERMINADO|DIARIO|MDE
220|GENERA FACTURAS PAC|23/04/2026 05:20:01 AM|23/04/2026 05:20:01 AM|0|APBOG004|TERMINADO|DIARIO|APPNEPS
223|ACTUALIZA ESTADOS DE FACTURAS PAGADAS O CANCELADAS|23/04/2026 05:20:01 AM|23/04/2026 05:20:01 AM|0|APBOG004|TERMINADO|DIARIO|APPNEPS
334|FACTURAS RADICADAS SUB|23/04/2026 05:20:02 AM|23/04/2026 05:20:04 AM|0,03|TPBOG001|TERMINADO|DIARIO|FAMISANA
346|RAD REPORTE CAPITACION|23/04/2026 05:20:05 AM|23/04/2026 05:22:55 AM|2,83|TPBOG001|TERMINADO|DIARIO|FAMISANA
720|720_CONSULTACUENTAS|23/04/2026 05:22:53 AM|23/04/2026 05:22:55 AM|0,03|TPBOG002|TERMINADO|DIARIO|MDE
720|720_CONSULTACUENTAS|23/04/2026 05:27:53 AM|23/04/2026 05:27:55 AM|0,03|TPBOG002|TERMINADO|DIARIO|MDE
43|ARCHIVOS IPS COLSUBSIDIOS|23/04/2026 05:30:00 AM|23/04/2026 05:32:04 AM|2,07|TPBOG001|TERMINADO|DIARIO|FAMISANA
547|JOB_EXT_PLANO_UDEA_RUN|23/04/2026 05:30:00 AM|23/04/2026 05:30:04 AM|0,07|TPBOG001|TERMINADO|DIARIO|MDE
39|ENVIO ARCHIVOS IPS EXCLUSIVAS DE A&A Y NO EXCLUSIVAS|23/04/2026 05:30:00 AM|23/04/2026 06:24:17 AM|54,28|APBOG006|TERMINADO|DIARIO|FAMISANA
271|DESCARGUE MAPISSSUPC|23/04/2026 05:30:01 AM|23/04/2026 05:30:02 AM|0,02|APBOG004|TERMINADO|DIARIO|APPNEPS
220|GENERA FACTURAS PAC|23/04/2026 05:30:01 AM|23/04/2026 05:30:01 AM|0|APBOG004|TERMINADO|DIARIO|APPNEPS
303|MOVILIDAD PROGRAMADA|23/04/2026 05:30:01 AM|23/04/2026 05:32:39 AM|2,63|BDBOG001|TERMINADO|DIARIO|FAMISANA
270|CARGA MAPIISSUPC|23/04/2026 05:30:01 AM|23/04/2026 05:30:02 AM|0,02|APBOG004|TERMINADO|DIARIO|APPNEPS
55|TAREA_4_CARGUESUPC|23/04/2026 05:30:01 AM|23/04/2026 05:30:02 AM|0,02|APBOG004|TERMINADO|DIARIO|N/A
222|PASO DE FACTURAS POR INTERFAZ A APOTEOSYS|23/04/2026 05:30:01 AM|23/04/2026 05:30:01 AM|0|APBOG004|TERMINADO|DIARIO|APPNEPS
223|ACTUALIZA ESTADOS DE FACTURAS PAGADAS O CANCELADAS|23/04/2026 05:30:01 AM|23/04/2026 05:30:01 AM|0|APBOG004|TERMINADO|DIARIO|APPNEPS
552|REPORTE INTERCIUDADES|23/04/2026 05:30:02 AM|23/04/2026 05:30:42 AM|0,67|TPBOG001|TERMINADO|DIARIO|FAMISANA
69|IPS_SALUD|23/04/2026 05:30:05 AM|23/04/2026 05:30:27 AM|0,37|FSBOG001|TERMINADO|SEMANAL|FAMISANA
720|720_CONSULTACUENTAS|23/04/2026 05:32:53 AM|23/04/2026 05:32:55 AM|0,03|TPBOG002|TERMINADO|DIARIO|MDE
335|REP RADICACION IPS PRIORIZADAS|23/04/2026 05:35:02 AM|23/04/2026 05:35:03 AM|0,02|TPBOG001|TERMINADO|DIARIO|FAMISANA
720|720_CONSULTACUENTAS|23/04/2026 05:37:53 AM|23/04/2026 05:37:55 AM|0,03|TPBOG002|TERMINADO|DIARIO|MDE
220|GENERA FACTURAS PAC|23/04/2026 05:40:01 AM|23/04/2026 05:40:01 AM|0|APBOG004|TERMINADO|DIARIO|APPNEPS
223|ACTUALIZA ESTADOS DE FACTURAS PAGADAS O CANCELADAS|23/04/2026 05:40:01 AM|23/04/2026 05:40:01 AM|0|APBOG004|TERMINADO|DIARIO|APPNEPS
720|720_CONSULTACUENTAS|23/04/2026 05:42:53 AM|23/04/2026 05:42:55 AM|0,03|TPBOG002|TERMINADO|DIARIO|MDE
301|AUTORIZACIONES DE MEDICAMENTOS - ETICOS SERRANO|23/04/2026 05:45:01 AM|23/04/2026 05:47:11 AM|2,17|APBOG006|TERMINADO|DIARIO|FAMISANA
372|RADICADOS NOPBS SMS|23/04/2026 05:45:03 AM|23/04/2026 05:46:02 AM|0,98|FSBOG001|TERMINADO|DIARIO|FAMISANA
603|REPORTE_ACTIVOS_TUTELAS|23/04/2026 05:45:05 AM|23/04/2026 05:45:12 AM|0,12|TPBOG001|TERMINADO|DIARIO|FAMISANA
720|720_CONSULTACUENTAS|23/04/2026 05:47:53 AM|23/04/2026 05:47:55 AM|0,03|TPBOG002|TERMINADO|DIARIO|MDE
220|GENERA FACTURAS PAC|23/04/2026 05:50:07 AM|23/04/2026 05:50:07 AM|0|APBOG004|TERMINADO|DIARIO|APPNEPS
223|ACTUALIZA ESTADOS DE FACTURAS PAGADAS O CANCELADAS|23/04/2026 05:50:07 AM|23/04/2026 05:50:07 AM|0|APBOG004|TERMINADO|DIARIO|APPNEPS
720|720_CONSULTACUENTAS|23/04/2026 05:52:53 AM|23/04/2026 05:52:55 AM|0,03|TPBOG002|TERMINADO|DIARIO|MDE
720|720_CONSULTACUENTAS|23/04/2026 05:57:53 AM|23/04/2026 05:57:55 AM|0,03|TPBOG002|TERMINADO|DIARIO|MDE
10|AFILXFUIDIARIO|23/04/2026 05:59:10 AM|23/04/2026 06:04:51 AM|5,68|FSBOG001|TERMINADO|DIARIO|FAMISANA
354|MOVILIDAD DNP|23/04/2026 06:00:00 AM|23/04/2026 06:00:05 AM|0,08|TPBOG001|TERMINADO|DIARIO|FAMISANA
547|JOB_EXT_PLANO_UDEA_RUN|23/04/2026 06:00:00 AM|23/04/2026 06:00:06 AM|0,1|TPBOG001|TERMINADO|DIARIO|MDE
271|DESCARGUE MAPISSSUPC|23/04/2026 06:00:01 AM|23/04/2026 06:00:02 AM|0,02|APBOG004|TERMINADO|DIARIO|APPNEPS
220|GENERA FACTURAS PAC|23/04/2026 06:00:01 AM|23/04/2026 06:00:01 AM|0|APBOG004|TERMINADO|DIARIO|APPNEPS
303|MOVILIDAD PROGRAMADA|23/04/2026 06:00:01 AM|23/04/2026 06:00:59 AM|0,97|BDBOG001|TERMINADO|DIARIO|FAMISANA
222|PASO DE FACTURAS POR INTERFAZ A APOTEOSYS|23/04/2026 06:00:01 AM|23/04/2026 06:00:01 AM|0|APBOG004|TERMINADO|DIARIO|APPNEPS
270|CARGA MAPIISSUPC|23/04/2026 06:00:01 AM|23/04/2026 06:00:02 AM|0,02|APBOG004|TERMINADO|DIARIO|APPNEPS
55|TAREA_4_CARGUESUPC|23/04/2026 06:00:01 AM|23/04/2026 06:00:02 AM|0,02|APBOG004|TERMINADO|DIARIO|N/A
223|ACTUALIZA ESTADOS DE FACTURAS PAGADAS O CANCELADAS|23/04/2026 06:00:01 AM|23/04/2026 06:00:01 AM|0|APBOG004|TERMINADO|DIARIO|APPNEPS
261|JOB CUMPLEAżOS|23/04/2026 06:00:02 AM|23/04/2026 06:07:27 AM|7,42|TPBOG002|TERMINADO|DIARIO|NOM
527|TXT_COVID4_PYP|23/04/2026 06:00:03 AM|23/04/2026 06:00:33 AM|0,5|TPBOG001|TERMINADO|DIARIO|N/A
563|REP_PRESCRIPCIONES_AYA|23/04/2026 06:00:03 AM|23/04/2026 06:00:07 AM|0,07|TPBOG001|TERMINADO|DIARIO|MDE
664|FTP_FACTURACION_ELECTRONICA|23/04/2026 06:00:04 AM|23/04/2026 06:15:16 AM|15,2|TPBOG001|TERMINADO|DIARIO|BI
663|AUTORIZACIONES_EVT|23/04/2026 06:00:04 AM|23/04/2026 06:00:10 AM|0,1|TPBOG001|TERMINADO|DIARIO|FAMISANA
413|REP_CONTROL_GLOSA_95|23/04/2026 06:00:04 AM|23/04/2026 06:03:22 AM|3,3|TPBOG001|TERMINADO|DIARIO|FAMISANA
591|REP_AUT_FIBROSIS|23/04/2026 06:00:05 AM|23/04/2026 06:00:12 AM|0,12|TPBOG001|TERMINADO|DIARIO|FAMISANA
526|TXT_COVID4|23/04/2026 06:00:05 AM|23/04/2026 06:00:12 AM|0,12|TPBOG001|TERMINADO|DIARIO|N/A
535|AUDITORIA_INCAPACIDADES_DIARIO|23/04/2026 06:00:06 AM|23/04/2026 06:00:30 AM|0,4|FSBOG001|TERMINADO|DIARIO|FAMISANA
581|REP_CARGUE_RIPS_441|23/04/2026 06:00:06 AM|23/04/2026 06:00:26 AM|0,33|TPBOG001|TERMINADO|DIARIO|PRMASIVO
373|ACT ESTADO GRIC|23/04/2026 06:00:06 AM|23/04/2026 06:00:17 AM|0,18|FSBOG001|TERMINADO|DIARIO|FAMISANA
602|RADICACION_PORTAL_TRANSCRIPCION|23/04/2026 06:00:06 AM|23/04/2026 06:00:17 AM|0,18|TPBOG001|TERMINADO|DIARIO|APPNEPS
12|CAMBIODOC|23/04/2026 06:00:07 AM|23/04/2026 06:00:22 AM|0,25|FSBOG001|TERMINADO|DIARIO|FAMISANA
243|AUTORIZACIONES DE MEDICAMENTOS - AUDIFARMA|23/04/2026 06:01:01 AM|23/04/2026 06:05:02 AM|4,02|APBOG006|TERMINADO|DIARIO|FAMISANA
720|720_CONSULTACUENTAS|23/04/2026 06:02:53 AM|23/04/2026 06:02:55 AM|0,03|TPBOG002|TERMINADO|DIARIO|MDE
243|AUTORIZACIONES DE MEDICAMENTOS - AUDIFARMA|23/04/2026 06:06:02 AM|23/04/2026 06:06:27 AM|0,42|APBOG006|TERMINADO|DIARIO|FAMISANA
720|720_CONSULTACUENTAS|23/04/2026 06:07:53 AM|23/04/2026 06:07:55 AM|0,03|TPBOG002|TERMINADO|DIARIO|MDE
220|GENERA FACTURAS PAC|23/04/2026 06:10:01 AM|23/04/2026 06:10:01 AM|0|APBOG004|TERMINADO|DIARIO|APPNEPS
223|ACTUALIZA ESTADOS DE FACTURAS PAGADAS O CANCELADAS|23/04/2026 06:10:01 AM|23/04/2026 06:10:01 AM|0|APBOG004|TERMINADO|DIARIO|APPNEPS
314|INFORMACION AFILIADO DNP|23/04/2026 06:10:04 AM|23/04/2026 07:02:54 AM|52,83|FSBOG001|TERMINADO|DIARIO|FAMISANA
365|RAD IPS PROCESADAS|23/04/2026 06:10:05 AM|23/04/2026 06:24:30 AM|14,42|FSBOG001|TERMINADO|DIARIO|FAMISANA
720|720_CONSULTACUENTAS|23/04/2026 06:12:53 AM|23/04/2026 06:12:55 AM|0,03|TPBOG002|TERMINADO|DIARIO|MDE
244|AUTORIZACIONES DE MEDICAMENTOS - COLSUBSIDIO|23/04/2026 06:15:01 AM|23/04/2026 06:17:19 AM|2,3|TPBOG001|TERMINADO|DIARIO|FAMISANA
249|AUTORIZACIONES DE MEDICAMENTOS - CAFAM|23/04/2026 06:15:04 AM|23/04/2026 06:15:24 AM|0,33|TPBOG001|TERMINADO|DIARIO|FAMISANA
720|720_CONSULTACUENTAS|23/04/2026 06:17:53 AM|23/04/2026 06:17:55 AM|0,03|TPBOG002|TERMINADO|DIARIO|MDE
223|ACTUALIZA ESTADOS DE FACTURAS PAGADAS O CANCELADAS|23/04/2026 06:20:00 AM|23/04/2026 06:20:01 AM|0,02|APBOG004|TERMINADO|DIARIO|APPNEPS
220|GENERA FACTURAS PAC|23/04/2026 06:20:01 AM|23/04/2026 06:20:01 AM|0|APBOG004|TERMINADO|DIARIO|APPNEPS
720|720_CONSULTACUENTAS|23/04/2026 06:22:53 AM|23/04/2026 06:22:55 AM|0,03|TPBOG002|TERMINADO|DIARIO|MDE
720|720_CONSULTACUENTAS|23/04/2026 06:27:53 AM|23/04/2026 06:27:55 AM|0,03|TPBOG002|TERMINADO|DIARIO|MDE
547|JOB_EXT_PLANO_UDEA_RUN|23/04/2026 06:30:00 AM|23/04/2026 06:30:04 AM|0,07|TPBOG001|TERMINADO|DIARIO|MDE
355|MOVILIDAD EPSS37|23/04/2026 06:30:00 AM|23/04/2026 06:30:06 AM|0,1|TPBOG001|TERMINADO|DIARIO|FAMISANA
41|13_SERVIOFTALMOSFTP|23/04/2026 06:30:00 AM|23/04/2026 06:33:17 AM|3,28|APBOG006|TERMINADO|DIARIO|N/A
303|MOVILIDAD PROGRAMADA|23/04/2026 06:30:00 AM|23/04/2026 06:31:05 AM|1,08|BDBOG001|TERMINADO|DIARIO|FAMISANA
270|CARGA MAPIISSUPC|23/04/2026 06:30:01 AM|23/04/2026 06:30:02 AM|0,02|APBOG004|TERMINADO|DIARIO|APPNEPS
220|GENERA FACTURAS PAC|23/04/2026 06:30:01 AM|23/04/2026 06:30:01 AM|0|APBOG004|TERMINADO|DIARIO|APPNEPS
222|PASO DE FACTURAS POR INTERFAZ A APOTEOSYS|23/04/2026 06:30:01 AM|23/04/2026 06:30:01 AM|0|APBOG004|TERMINADO|DIARIO|APPNEPS
223|ACTUALIZA ESTADOS DE FACTURAS PAGADAS O CANCELADAS|23/04/2026 06:30:01 AM|23/04/2026 06:30:01 AM|0|APBOG004|TERMINADO|DIARIO|APPNEPS
271|DESCARGUE MAPISSSUPC|23/04/2026 06:30:02 AM|23/04/2026 06:30:04 AM|0,03|APBOG004|TERMINADO|DIARIO|APPNEPS
345|REP FACTURAS PAC|23/04/2026 06:30:02 AM|23/04/2026 06:30:04 AM|0,03|TPBOG001|TERMINADO|DIARIO|FAMISANA
721|CONTROL VALIDACION FE RIPSJSON|23/04/2026 06:30:03 AM|23/04/2026 06:41:31 AM|11,47|TPBOG001|TERMINADO|DIARIO|BI
445|REPORTE_INFORME_DIARIO_AUT|23/04/2026 06:30:03 AM|23/04/2026 06:37:57 AM|7,9|TPBOG001|TERMINADO|DIARIO|FAMISANA
55|TAREA_4_CARGUESUPC|23/04/2026 06:30:03 AM|23/04/2026 06:30:04 AM|0,02|APBOG004|TERMINADO|DIARIO|N/A
707|NOTIFICACION_GLOSAS|23/04/2026 06:30:05 AM|23/04/2026 07:33:24 AM|63,32|TPBOG001|TERMINADO|DIARIO|FAMISANA
249|AUTORIZACIONES DE MEDICAMENTOS - CAFAM|23/04/2026 06:31:02 AM|23/04/2026 06:45:23 AM|14,35|TPBOG001|TERMINADO|DIARIO|FAMISANA
720|720_CONSULTACUENTAS|23/04/2026 06:32:53 AM|23/04/2026 06:32:55 AM|0,03|TPBOG002|TERMINADO|DIARIO|MDE
720|720_CONSULTACUENTAS|23/04/2026 06:37:53 AM|23/04/2026 06:37:55 AM|0,03|TPBOG002|TERMINADO|DIARIO|MDE
223|ACTUALIZA ESTADOS DE FACTURAS PAGADAS O CANCELADAS|23/04/2026 06:40:01 AM|23/04/2026 06:40:01 AM|0|APBOG004|TERMINADO|DIARIO|APPNEPS
220|GENERA FACTURAS PAC|23/04/2026 06:40:01 AM|23/04/2026 06:40:01 AM|0|APBOG004|TERMINADO|DIARIO|APPNEPS
720|720_CONSULTACUENTAS|23/04/2026 06:42:53 AM|23/04/2026 06:42:55 AM|0,03|TPBOG002|TERMINADO|DIARIO|MDE
356|MOVILIDAD EPSS41|23/04/2026 06:45:00 AM|23/04/2026 06:45:05 AM|0,08|FSBOG001|TERMINADO|DIARIO|FAMISANA
720|720_CONSULTACUENTAS|23/04/2026 06:47:53 AM|23/04/2026 06:47:55 AM|0,03|TPBOG002|TERMINADO|DIARIO|MDE
220|GENERA FACTURAS PAC|23/04/2026 06:50:01 AM|23/04/2026 06:50:01 AM|0|APBOG004|TERMINADO|DIARIO|APPNEPS
223|ACTUALIZA ESTADOS DE FACTURAS PAGADAS O CANCELADAS|23/04/2026 06:50:01 AM|23/04/2026 06:50:01 AM|0|APBOG004|TERMINADO|DIARIO|APPNEPS
720|720_CONSULTACUENTAS|23/04/2026 06:52:53 AM|23/04/2026 06:52:55 AM|0,03|TPBOG002|TERMINADO|DIARIO|MDE
720|720_CONSULTACUENTAS|23/04/2026 06:57:53 AM|23/04/2026 06:57:55 AM|0,03|TPBOG002|TERMINADO|DIARIO|MDE
